_id,nombre,descripcion,categoria,nivel,duracion_estimada,modalidad,instructor_id,calificacion_promedio,total_inscriptos,modulos[0].nombre,modulos[1].nombre,modulos[2].nombre,modulos[3].nombre,modulos[4].nombre,modulos[5].nombre,modulos[6].nombre,modulos[7].nombre,modulos[0].orden,modulos[1].orden,modulos[2].orden,modulos[3].orden,modulos[4].orden,modulos[5].orden,modulos[6].orden,modulos[7].orden,modulos[0].tipo,modulos[1].tipo,modulos[2].tipo,modulos[3].tipo,modulos[4].tipo,modulos[5].tipo,modulos[6].tipo,modulos[7].tipo,modulos[6].evaluacion.tipo,modulos[7].evaluacion.tipo,modulos[6].evaluacion.puntaje_minimo,modulos[7].evaluacion.puntaje_minimo,modulos[6].evaluacion.intentos_permitidos,modulos[7].evaluacion.intentos_permitidos
d6a82a951b923e0a443cdef3,Introducción a Fisiología Elemental,Materia de nivel basico perteneciente a la facultad de Medicina.,medicina,basico,44 horas,hibrido,69da7b979910d14434676561,4.3,0,Unidad 1: Introducción a Fisiología Elemental,Unidad 2: Introducción a Fisiología Elemental,Unidad 3: Introducción a Fisiología Elemental,Unidad 4: Introducción a Fisiología Elemental,Unidad 5: Introducción a Fisiología Elemental,Unidad 6: Introducción a Fisiología Elemental,Unidad 7: Introducción a Fisiología Elemental,Unidad 8: Introducción a Fisiología Elemental,1,2,3,4,5,6,7,8,video,lectura,ejercicio,video,lectura,ejercicio,evaluacion,evaluacion,quiz,examen final,60,70,3,2
8f9b34c95653d4bd2293202c,Fundamentos de Pediatría,Materia de nivel basico perteneciente a la facultad de Medicina.,medicina,basico,82 horas,virtual,69da7b979910d1443467655f,3.7,0,Unidad 1: Fundamentos de Pediatría,Unidad 2: Fundamentos de Pediatría,Unidad 3: Fundamentos de Pediatría,Unidad 4: Fundamentos de Pediatría,Unidad 5: Fundamentos de Pediatría,Unidad 6: Fundamentos de Pediatría,Unidad 7: Fundamentos de Pediatría,Unidad 8: Fundamentos de Pediatría,1,2,3,4,5,6,7,8,video,lectura,ejercicio,video,lectura,ejercicio,evaluacion,evaluacion,quiz,examen final,60,70,3,2
01b0366f11e374ee60aa0d30,Teoría de Psiquiatría,Materia de nivel basico perteneciente a la facultad de Medicina.,medicina,basico,80 horas,virtual,69da7b979910d14434676567,3.7,0,Unidad 1: Teoría de Psiquiatría,Unidad 2: Teoría de Psiquiatría,Unidad 3: Teoría de Psiquiatría,Unidad 4: Teoría de Psiquiatría,Unidad 5: Teoría de Psiquiatría,Unidad 6: Teoría de Psiquiatría,Unidad 7: Teoría de Psiquiatría,Unidad 8: Teoría de Psiquiatría,1,2,3,4,5,6,7,8,video,lectura,ejercicio,video,lectura,ejercicio,evaluacion,evaluacion,quiz,examen final,60,70,3,2
e81775f3ca4225f72051e671,Fundamentos de Fisiología,Materia de nivel basico perteneciente a la facultad de Medicina.,medicina,basico,42 horas,hibrido,69da7b979910d14434676563,4.4,0,Unidad 1: Fundamentos de Fisiología,Unidad 2: Fundamentos de Fisiología,Unidad 3: Fundamentos de Fisiología,Unidad 4: Fundamentos de Fisiología,Unidad 5: Fundamentos de Fisiología,Unidad 6: Fundamentos de Fisiología,Unidad 7: Fundamentos de Fisiología,Unidad 8: Fundamentos de Fisiología,1,2,3,4,5,6,7,8,video,lectura,ejercicio,video,lectura,ejercicio,evaluacion,evaluacion,quiz,examen final,60,70,3,2
c4cfbb8a096802f6d67c8720,Inmunología I,Materia de nivel basico perteneciente a la facultad de Medicina.,medicina,basico,79 horas,hibrido,69da7b979910d14434676561,4.7,0,Unidad 1: Inmunología I,Unidad 2: Inmunología I,Unidad 3: Inmunología I,Unidad 4: Inmunología I,Unidad 5: Inmunología I,Unidad 6: Inmunología I,Unidad 7: Inmunología I,Unidad 8: Inmunología I,1,2,3,4,5,6,7,8,video,lectura,ejercicio,video,lectura,ejercicio,evaluacion,evaluacion,quiz,examen final,60,70,3,2
a56a62c3c4ef7978e497cd2f,Introducción a Patología Elemental,Materia de nivel basico perteneciente a la facultad de Medicina.,medicina,basico,105 horas,hibrido,69da7b979910d14434676561,4.5,0,Unidad 1: Introducción a Patología Elemental,Unidad 2: Introducción a Patología Elemental,Unidad 3: Introducción a Patología Elemental,Unidad 4: Introducción a Patología Elemental,Unidad 5: Introducción a Patología Elemental,Unidad 6: Introducción a Patología Elemental,Unidad 7: Introducción a Patología Elemental,Unidad 8: Introducción a Patología Elemental,1,2,3,4,5,6,7,8,video,lectura,ejercicio,video,lectura,ejercicio,evaluacion,evaluacion,quiz,examen final,60,70,3,2
6b641b3bab20dd488546a1a9,Traumatología I,Materia de nivel basico perteneciente a la facultad de Medicina.,medicina,basico,87 horas,virtual,69da7b979910d14434676562,4.8,0,Unidad 1: Traumatología I,Unidad 2: Traumatología I,Unidad 3: Traumatología I,Unidad 4: Traumatología I,Unidad 5: Traumatología I,Unidad 6: Traumatología I,Unidad 7: Traumatología I,Unidad 8: Traumatología I,1,2,3,4,5,6,7,8,video,lectura,ejercicio,video,lectura,ejercicio,evaluacion,evaluacion,quiz,examen final,60,70,3,2
2b8d6f81430b0b04a8778c53,Bases de Farmacología,Materia de nivel basico perteneciente a la facultad de Medicina.,medicina,basico,82 horas,hibrido,69da7b979910d14434676561,4.1,0,Unidad 1: Bases de Farmacología,Unidad 2: Bases de Farmacología,Unidad 3: Bases de Farmacología,Unidad 4: Bases de Farmacología,Unidad 5: Bases de Farmacología,Unidad 6: Bases de Farmacología,Unidad 7: Bases de Farmacología,Unidad 8: Bases de Farmacología,1,2,3,4,5,6,7,8,video,lectura,ejercicio,video,lectura,ejercicio,evaluacion,evaluacion,quiz,examen final,60,70,3,2
c75b693192bb2bfd633d6624,Histología I,Materia de nivel basico perteneciente a la facultad de Medicina.,medicina,basico,83 horas,presencial,69da7b979910d1443467655f,4.4,0,Unidad 1: Histología I,Unidad 2: Histología I,Unidad 3: Histología I,Unidad 4: Histología I,Unidad 5: Histología I,Unidad 6: Histología I,Unidad 7: Histología I,Unidad 8: Histología I,1,2,3,4,5,6,7,8,video,lectura,ejercicio,video,lectura,ejercicio,evaluacion,evaluacion,quiz,examen final,60,70,3,2
67dd30d73aa83f8cff5f9af7,Principios de Cirugía,Materia de nivel basico perteneciente a la facultad de Medicina.,medicina,basico,108 horas,virtual,69da7b979910d14434676562,4.5,0,Unidad 1: Principios de Cirugía,Unidad 2: Principios de Cirugía,Unidad 3: Principios de Cirugía,Unidad 4: Principios de Cirugía,Unidad 5: Principios de Cirugía,Unidad 6: Principios de Cirugía,Unidad 7: Principios de Cirugía,Unidad 8: Principios de Cirugía,1,2,3,4,5,6,7,8,video,lectura,ejercicio,video,lectura,ejercicio,evaluacion,evaluacion,quiz,examen final,60,70,3,2
275cecdc2d768558fb0d7d65,Cardiología Elemental,Materia de nivel basico perteneciente a la facultad de Medicina.,medicina,basico,108 horas,hibrido,69da7b979910d14434676563,4.6,0,,,,,,,,,,,,,,,,,,,,,,,,,,,,,,
5a1fc977cc83fb4741a0f665,Neurología I,Materia de nivel basico perteneciente a la facultad de Medicina.,medicina,basico,74 horas,hibrido,69da7b979910d14434676563,3.5,0,,,,,,,,,,,,,,,,,,,,,,,,,,,,,,
16badeacb50164ea5ae54e83,Teoría de Traumatología,Materia de nivel basico perteneciente a la facultad de Medicina.,medicina,basico,50 horas,hibrido,69da7b979910d14434676562,4.7,0,,,,,,,,,,,,,,,,,,,,,,,,,,,,,,
677a20a7a2957691b1b77a92,Teoría de Ginecología,Materia de nivel basico perteneciente a la facultad de Medicina.,medicina,basico,43 horas,hibrido,69da7b979910d14434676560,4.9,0,,,,,,,,,,,,,,,,,,,,,,,,,,,,,,
a2d6654ca39de37d06173fd3,Bases de Fisiología Básica,Materia de nivel basico perteneciente a la facultad de Medicina.,medicina,basico,60 horas,hibrido,69da7b979910d14434676565,4.6,0,,,,,,,,,,,,,,,,,,,,,,,,,,,,,,
a0a54ad3e1002d12d3234519,Fundamentos de Bioquímica Médica I,Materia de nivel basico perteneciente a la facultad de Medicina.,medicina,basico,47 horas,virtual,69da7b979910d14434676563,4.3,0,,,,,,,,,,,,,,,,,,,,,,,,,,,,,,
f994fbe788f08d93206055c1,Bases de Bioquímica Médica Básica,Materia de nivel basico perteneciente a la facultad de Medicina.,medicina,basico,83 horas,virtual,69da7b979910d14434676565,4.4,0,,,,,,,,,,,,,,,,,,,,,,,,,,,,,,
bdc9cbf10fe2e2e76ea37f12,Genética Médica I,Materia de nivel basico perteneciente a la facultad de Medicina.,medicina,basico,57 horas,hibrido,69da7b979910d14434676562,4,0,,,,,,,,,,,,,,,,,,,,,,,,,,,,,,
5329c88e8586f91e2898878d,Bases de Neurología I,Materia de nivel basico perteneciente a la facultad de Medicina.,medicina,basico,106 horas,virtual,69da7b979910d14434676561,3.7,0,,,,,,,,,,,,,,,,,,,,,,,,,,,,,,
3993539e5e76d1e0b9f082f1,Teoría de Salud Pública,Materia de nivel basico perteneciente a la facultad de Medicina.,medicina,basico,112 horas,hibrido,69da7b979910d14434676565,3.9,0,,,,,,,,,,,,,,,,,,,,,,,,,,,,,,
43b974fc527257aee2f150a9,Salud Pública Intermedia,Materia de nivel intermedio perteneciente a la facultad de Medicina.,medicina,intermedio,90 horas,presencial,69da7b979910d14434676561,3.6,0,,,,,,,,,,,,,,,,,,,,,,,,,,,,,,
908b3b0a44ac04d231b4af8d,Patología II,Materia de nivel intermedio perteneciente a la facultad de Medicina.,medicina,intermedio,69 horas,presencial,69da7b979910d14434676564,4,0,,,,,,,,,,,,,,,,,,,,,,,,,,,,,,
7be4bd5ee6e273cfc93c8acc,Pediatría Intermedia,Materia de nivel intermedio perteneciente a la facultad de Medicina.,medicina,intermedio,103 horas,virtual,69da7b979910d14434676563,4.7,0,,,,,,,,,,,,,,,,,,,,,,,,,,,,,,
ea1c8f1965540577572c6eda,Inmunología II,Materia de nivel intermedio perteneciente a la facultad de Medicina.,medicina,intermedio,68 horas,virtual,69da7b979910d14434676566,4.4,0,,,,,,,,,,,,,,,,,,,,,,,,,,,,,,
95a9e846b21ec7cb57e8b4a2,Anatomía II,Materia de nivel intermedio perteneciente a la facultad de Medicina.,medicina,intermedio,55 horas,virtual,69da7b979910d14434676562,4,0,,,,,,,,,,,,,,,,,,,,,,,,,,,,,,
c53176183772b9f85bd1d560,Prácticas de Neurología Aplicada,Materia de nivel intermedio perteneciente a la facultad de Medicina.,medicina,intermedio,97 horas,hibrido,69da7b979910d1443467655f,4.7,0,,,,,,,,,,,,,,,,,,,,,,,,,,,,,,
0ffc361ace5bcdc1fa2bc630,Farmacología II,Materia de nivel intermedio perteneciente a la facultad de Medicina.,medicina,intermedio,93 horas,hibrido,69da7b979910d14434676561,3.9,0,,,,,,,,,,,,,,,,,,,,,,,,,,,,,,
43f24eade880a0431f50ceea,Laboratorio de Cirugía,Materia de nivel intermedio perteneciente a la facultad de Medicina.,medicina,intermedio,104 horas,virtual,69da7b979910d1443467655e,3.6,0,,,,,,,,,,,,,,,,,,,,,,,,,,,,,,
1b82e2bb4c6b6bce636f5f4a,Estudio de Ginecología,Materia de nivel intermedio perteneciente a la facultad de Medicina.,medicina,intermedio,99 horas,virtual,69da7b979910d1443467655e,3.9,0,,,,,,,,,,,,,,,,,,,,,,,,,,,,,,
e7cc6f9093307c14804142f3,Microbiología II,Materia de nivel intermedio perteneciente a la facultad de Medicina.,medicina,intermedio,75 horas,hibrido,69da7b979910d14434676562,3.8,0,,,,,,,,,,,,,,,,,,,,,,,,,,,,,,
78661a240af252fd88fcafb1,Cardiología Comparada,Materia de nivel intermedio perteneciente a la facultad de Medicina.,medicina,intermedio,109 horas,presencial,69da7b979910d1443467655e,4.8,0,,,,,,,,,,,,,,,,,,,,,,,,,,,,,,
e8c1e791e64b0a58810dc355,Prácticas de Microbiología,Materia de nivel intermedio perteneciente a la facultad de Medicina.,medicina,intermedio,116 horas,hibrido,69da7b979910d14434676564,4.9,0,,,,,,,,,,,,,,,,,,,,,,,,,,,,,,
1008e3a2e341fb05b020112a,Prácticas de Anatomía Intermedia,Materia de nivel intermedio perteneciente a la facultad de Medicina.,medicina,intermedio,72 horas,hibrido,69da7b979910d14434676566,5,0,,,,,,,,,,,,,,,,,,,,,,,,,,,,,,
035205d79b6830760b1cadd2,Cirugía II,Materia de nivel intermedio perteneciente a la facultad de Medicina.,medicina,intermedio,103 horas,virtual,69da7b979910d14434676566,3.8,0,,,,,,,,,,,,,,,,,,,,,,,,,,,,,,
dd9cc2e07ff56df24d813537,Inmunología Intermedia,Materia de nivel intermedio perteneciente a la facultad de Medicina.,medicina,intermedio,99 horas,presencial,69da7b979910d14434676560,4.3,0,,,,,,,,,,,,,,,,,,,,,,,,,,,,,,
8eb1fbef8b8296779ce47ad5,Embriología III,Materia de nivel avanzado perteneciente a la facultad de Medicina.,medicina,avanzado,75 horas,presencial,69da7b979910d14434676561,4.9,0,,,,,,,,,,,,,,,,,,,,,,,,,,,,,,
caa0e8facc3a8eb7680aadfc,Histología III,Materia de nivel avanzado perteneciente a la facultad de Medicina.,medicina,avanzado,97 horas,presencial,69da7b979910d14434676562,4.4,0,,,,,,,,,,,,,,,,,,,,,,,,,,,,,,
edfaf47631c81ff122728ed6,Temas Especiales en Psiquiatría Experimental,Materia de nivel avanzado perteneciente a la facultad de Medicina.,medicina,avanzado,67 horas,presencial,69da7b979910d14434676562,3.9,0,,,,,,,,,,,,,,,,,,,,,,,,,,,,,,
02ce056c069ef09aed58ec80,Tópicos Selectos de Patología,Materia de nivel avanzado perteneciente a la facultad de Medicina.,medicina,avanzado,92 horas,virtual,69da7b979910d1443467655e,4.3,0,,,,,,,,,,,,,,,,,,,,,,,,,,,,,,
ed5ae2524a98164ab2e637d9,Fisiología Experimental,Materia de nivel avanzado perteneciente a la facultad de Medicina.,medicina,avanzado,63 horas,hibrido,69da7b979910d14434676565,3.9,0,,,,,,,,,,,,,,,,,,,,,,,,,,,,,,
c93c55b25c8d6a0dbfa869fe,Pediatría III,Materia de nivel avanzado perteneciente a la facultad de Medicina.,medicina,avanzado,59 horas,hibrido,69da7b979910d1443467655f,4.1,0,,,,,,,,,,,,,,,,,,,,,,,,,,,,,,
305f8f5a8f7bf9cf64032d71,Salud Pública III,Materia de nivel avanzado perteneciente a la facultad de Medicina.,medicina,avanzado,89 horas,presencial,69da7b979910d14434676567,4.8,0,,,,,,,,,,,,,,,,,,,,,,,,,,,,,,
e9a1f36fb870766cbb314a22,Medicina Interna Experimental,Materia de nivel avanzado perteneciente a la facultad de Medicina.,medicina,avanzado,53 horas,presencial,69da7b979910d14434676565,4.2,0,,,,,,,,,,,,,,,,,,,,,,,,,,,,,,
49ebf39d5a5e9beb8557e261,Tópicos Selectos de Cirugía,Materia de nivel avanzado perteneciente a la facultad de Medicina.,medicina,avanzado,86 horas,presencial,69da7b979910d14434676563,4.9,0,,,,,,,,,,,,,,,,,,,,,,,,,,,,,,
bc737067532a4d79aa186be9,Proyecto de Embriología,Materia de nivel avanzado perteneciente a la facultad de Medicina.,medicina,avanzado,50 horas,virtual,69da7b979910d1443467655f,4.9,0,,,,,,,,,,,,,,,,,,,,,,,,,,,,,,
79a45bd7e057571d204b2ae8,Farmacología III,Materia de nivel avanzado perteneciente a la facultad de Medicina.,medicina,avanzado,57 horas,presencial,69da7b979910d14434676566,4.7,0,,,,,,,,,,,,,,,,,,,,,,,,,,,,,,
7525afd138152a0c257b1284,Seminario de Histología III,Materia de nivel avanzado perteneciente a la facultad de Medicina.,medicina,avanzado,95 horas,presencial,69da7b979910d14434676563,3.6,0,,,,,,,,,,,,,,,,,,,,,,,,,,,,,,
22636f17171d1270b2192f57,Tópicos Selectos de Bioquímica Médica,Materia de nivel avanzado perteneciente a la facultad de Medicina.,medicina,avanzado,45 horas,hibrido,69da7b979910d14434676567,4.9,0,,,,,,,,,,,,,,,,,,,,,,,,,,,,,,
5769bfc26e69bb91c8e704c7,Patología Avanzada,Materia de nivel avanzado perteneciente a la facultad de Medicina.,medicina,avanzado,58 horas,presencial,69da7b979910d14434676562,3.9,0,,,,,,,,,,,,,,,,,,,,,,,,,,,,,,
1089d1b98cd7b6100ed625d6,Temas Especiales en Ginecología III,Materia de nivel avanzado perteneciente a la facultad de Medicina.,medicina,avanzado,54 horas,presencial,69da7b979910d14434676560,3.9,0,,,,,,,,,,,,,,,,,,,,,,,,,,,,,,
215821bfa047582c5ee05bc1,Bases de Derecho Civil Básica,Materia de nivel basico perteneciente a la facultad de Derecho.,derecho,basico,93 horas,presencial,69da7b979910d14434676564,3.9,0,,,,,,,,,,,,,,,,,,,,,,,,,,,,,,
00bdfb1cc244197281a0f807,Principios de Criminología,Materia de nivel basico perteneciente a la facultad de Derecho.,derecho,basico,77 horas,presencial,69da7b979910d14434676563,4.6,0,,,,,,,,,,,,,,,,,,,,,,,,,,,,,,
bbc234101ac8424fdc2ff9e1,Criminología I,Materia de nivel basico perteneciente a la facultad de Derecho.,derecho,basico,116 horas,virtual,69da7b979910d14434676561,3.8,0,,,,,,,,,,,,,,,,,,,,,,,,,,,,,,
6d6834c45bb765b3b8e87f79,Derecho Constitucional General,Materia de nivel basico perteneciente a la facultad de Derecho.,derecho,basico,101 horas,hibrido,69da7b979910d14434676561,5,0,,,,,,,,,,,,,,,,,,,,,,,,,,,,,,
ba8d709342a73a7e06d6c879,Derecho Internacional I,Materia de nivel basico perteneciente a la facultad de Derecho.,derecho,basico,43 horas,virtual,69da7b979910d14434676566,4.7,0,,,,,,,,,,,,,,,,,,,,,,,,,,,,,,
b6e62b39fffa520322e9fb37,Derecho Tributario I,Materia de nivel basico perteneciente a la facultad de Derecho.,derecho,basico,117 horas,presencial,69da7b979910d14434676560,3.7,0,,,,,,,,,,,,,,,,,,,,,,,,,,,,,,
4087c6df214da7cc5c747006,Introducción a Derecho Constitucional Básica,Materia de nivel basico perteneciente a la facultad de Derecho.,derecho,basico,92 horas,presencial,69da7b979910d14434676564,3.9,0,,,,,,,,,,,,,,,,,,,,,,,,,,,,,,
cd0f21c4cc9b7a88497231fe,Principios de Derecho Laboral,Materia de nivel basico perteneciente a la facultad de Derecho.,derecho,basico,79 horas,hibrido,69da7b979910d1443467655f,3.5,0,,,,,,,,,,,,,,,,,,,,,,,,,,,,,,
d14f568f6364d5e0d65a2a5e,Bases de Derecho Laboral,Materia de nivel basico perteneciente a la facultad de Derecho.,derecho,basico,85 horas,virtual,69da7b979910d14434676566,4.7,0,,,,,,,,,,,,,,,,,,,,,,,,,,,,,,
35ac016c6a54ffb80016d53f,Derecho Comercial I,Materia de nivel basico perteneciente a la facultad de Derecho.,derecho,basico,70 horas,presencial,69da7b979910d14434676563,3.7,0,,,,,,,,,,,,,,,,,,,,,,,,,,,,,,
c7032d222b0bbfd36bda7c4d,Derecho Constitucional Básica,Materia de nivel basico perteneciente a la facultad de Derecho.,derecho,basico,89 horas,hibrido,69da7b979910d14434676565,4.8,0,,,,,,,,,,,,,,,,,,,,,,,,,,,,,,
0db61feb918427ff44200e61,Derecho Laboral I,Materia de nivel basico perteneciente a la facultad de Derecho.,derecho,basico,109 horas,virtual,69da7b979910d1443467655f,4.8,0,,,,,,,,,,,,,,,,,,,,,,,,,,,,,,
e1564d2a48ee39344ee08ebc,Introducción a Filosofía del Derecho General,Materia de nivel basico perteneciente a la facultad de Derecho.,derecho,basico,65 horas,hibrido,69da7b979910d1443467655f,4.2,0,,,,,,,,,,,,,,,,,,,,,,,,,,,,,,
0c1eacc6aa83c5e32b8f377d,Fundamentos de Derecho Ambiental,Materia de nivel basico perteneciente a la facultad de Derecho.,derecho,basico,110 horas,presencial,69da7b979910d14434676565,4.2,0,,,,,,,,,,,,,,,,,,,,,,,,,,,,,,
d13258c3b7e52dfd91c08768,Derecho Procesal I,Materia de nivel basico perteneciente a la facultad de Derecho.,derecho,basico,95 horas,virtual,69da7b979910d14434676561,4.9,0,,,,,,,,,,,,,,,,,,,,,,,,,,,,,,
f05d5c0e0af0777370772af6,Derecho Constitucional I,Materia de nivel basico perteneciente a la facultad de Derecho.,derecho,basico,108 horas,hibrido,69da7b979910d14434676562,3.8,0,,,,,,,,,,,,,,,,,,,,,,,,,,,,,,
0cfea62eb6c3d440fa6a4498,Derecho Penal I,Materia de nivel basico perteneciente a la facultad de Derecho.,derecho,basico,92 horas,virtual,69da7b979910d14434676567,4.4,0,,,,,,,,,,,,,,,,,,,,,,,,,,,,,,
a877af7e6dbb03b1f9692843,Criminología Elemental,Materia de nivel basico perteneciente a la facultad de Derecho.,derecho,basico,53 horas,presencial,69da7b979910d14434676562,3.8,0,,,,,,,,,,,,,,,,,,,,,,,,,,,,,,
489ebd994360aa94b4aebca3,Principios de Derecho Comercial Elemental,Materia de nivel basico perteneciente a la facultad de Derecho.,derecho,basico,92 horas,presencial,69da7b979910d14434676561,4.3,0,,,,,,,,,,,,,,,,,,,,,,,,,,,,,,
24dee1bab59113a89a99aa36,Teoría de Derecho Constitucional,Materia de nivel basico perteneciente a la facultad de Derecho.,derecho,basico,106 horas,virtual,69da7b979910d14434676564,3.7,0,,,,,,,,,,,,,,,,,,,,,,,,,,,,,,
4bd79f1f5f2558e5078a17d4,Derecho de Familia II,Materia de nivel intermedio perteneciente a la facultad de Derecho.,derecho,intermedio,99 horas,hibrido,69da7b979910d14434676560,4.8,0,,,,,,,,,,,,,,,,,,,,,,,,,,,,,,
0d6945755ff90de10a28483d,Criminología Intermedia,Materia de nivel intermedio perteneciente a la facultad de Derecho.,derecho,intermedio,114 horas,presencial,69da7b979910d14434676567,4.7,0,,,,,,,,,,,,,,,,,,,,,,,,,,,,,,
9e384d5ea8455429fa161a54,Derecho Ambiental II,Materia de nivel intermedio perteneciente a la facultad de Derecho.,derecho,intermedio,49 horas,presencial,69da7b979910d14434676564,4.1,0,,,,,,,,,,,,,,,,,,,,,,,,,,,,,,
c18630e586932350eee21cd7,Prácticas de Derecho Comercial,Materia de nivel intermedio perteneciente a la facultad de Derecho.,derecho,intermedio,69 horas,virtual,69da7b979910d14434676561,4.2,0,,,,,,,,,,,,,,,,,,,,,,,,,,,,,,
e5e7d1b0e7134959c911712c,Criminología II,Materia de nivel intermedio perteneciente a la facultad de Derecho.,derecho,intermedio,74 horas,hibrido,69da7b979910d14434676567,3.8,0,,,,,,,,,,,,,,,,,,,,,,,,,,,,,,
24ca4839c617d2a2b60fa131,Estudio de Derecho Laboral,Materia de nivel intermedio perteneciente a la facultad de Derecho.,derecho,intermedio,87 horas,presencial,69da7b979910d14434676566,3.7,0,,,,,,,,,,,,,,,,,,,,,,,,,,,,,,
2dc7a9ddcf2b2a44be8de111,Derecho Internacional II,Materia de nivel intermedio perteneciente a la facultad de Derecho.,derecho,intermedio,111 horas,presencial,69da7b979910d14434676561,4.9,0,,,,,,,,,,,,,,,,,,,,,,,,,,,,,,
59a5883f46d530cb27e050be,Prácticas de Mediación,Materia de nivel intermedio perteneciente a la facultad de Derecho.,derecho,intermedio,104 horas,virtual,69da7b979910d14434676567,3.8,0,,,,,,,,,,,,,,,,,,,,,,,,,,,,,,
b27c9c976a9bb49edd62e5de,Análisis de Derechos Humanos Comparada,Materia de nivel intermedio perteneciente a la facultad de Derecho.,derecho,intermedio,51 horas,hibrido,69da7b979910d14434676567,4.2,0,,,,,,,,,,,,,,,,,,,,,,,,,,,,,,
c73f6d73520036325d79a791,Laboratorio de Derecho Laboral,Materia de nivel intermedio perteneciente a la facultad de Derecho.,derecho,intermedio,70 horas,virtual,69da7b979910d14434676561,4.5,0,,,,,,,,,,,,,,,,,,,,,,,,,,,,,,
a7435f46206d7d282f457fe3,Aplicaciones de Derecho Societario II,Materia de nivel intermedio perteneciente a la facultad de Derecho.,derecho,intermedio,97 horas,presencial,69da7b979910d14434676567,4.1,0,,,,,,,,,,,,,,,,,,,,,,,,,,,,,,
5b40ff12ef672467f458ffc0,Aplicaciones de Derecho Civil Aplicada,Materia de nivel intermedio perteneciente a la facultad de Derecho.,derecho,intermedio,109 horas,hibrido,69da7b979910d14434676565,4,0,,,,,,,,,,,,,,,,,,,,,,,,,,,,,,
846050dafa0dd77120e7dbb4,Estudio de Derecho Penal,Materia de nivel intermedio perteneciente a la facultad de Derecho.,derecho,intermedio,41 horas,virtual,69da7b979910d14434676567,4.3,0,,,,,,,,,,,,,,,,,,,,,,,,,,,,,,
303d5409cc6f0bcd1069cf99,Derechos Humanos II,Materia de nivel intermedio perteneciente a la facultad de Derecho.,derecho,intermedio,63 horas,hibrido,69da7b979910d1443467655f,4,0,,,,,,,,,,,,,,,,,,,,,,,,,,,,,,
82799c375bec520d12c02fef,Derecho Laboral II,Materia de nivel intermedio perteneciente a la facultad de Derecho.,derecho,intermedio,88 horas,presencial,69da7b979910d1443467655f,3.9,0,,,,,,,,,,,,,,,,,,,,,,,,,,,,,,
10bdff75dd93992015185749,Temas Especiales en Derecho Laboral Avanzada,Materia de nivel avanzado perteneciente a la facultad de Derecho.,derecho,avanzado,94 horas,virtual,69da7b979910d14434676567,4.9,0,,,,,,,,,,,,,,,,,,,,,,,,,,,,,,
6a2404a10a560eefb6f21712,Derecho Ambiental III,Materia de nivel avanzado perteneciente a la facultad de Derecho.,derecho,avanzado,46 horas,presencial,69da7b979910d14434676560,4.9,0,,,,,,,,,,,,,,,,,,,,,,,,,,,,,,
bb497b8dd81a4093d54d121e,Derechos Humanos III,Materia de nivel avanzado perteneciente a la facultad de Derecho.,derecho,avanzado,82 horas,hibrido,69da7b979910d1443467655e,3.6,0,,,,,,,,,,,,,,,,,,,,,,,,,,,,,,
8005b7db644f5dbc71c3ba12,Seminario de Derecho Internacional,Materia de nivel avanzado perteneciente a la facultad de Derecho.,derecho,avanzado,81 horas,presencial,69da7b979910d1443467655f,4.7,0,,,,,,,,,,,,,,,,,,,,,,,,,,,,,,
5c56bf6378c095e69adf47dc,Temas Especiales en Criminología Clínica,Materia de nivel avanzado perteneciente a la facultad de Derecho.,derecho,avanzado,68 horas,virtual,69da7b979910d14434676562,4.4,0,,,,,,,,,,,,,,,,,,,,,,,,,,,,,,
79d25fe3b343133f3da003ae,Derecho Comercial Clínica,Materia de nivel avanzado perteneciente a la facultad de Derecho.,derecho,avanzado,111 horas,presencial,69da7b979910d14434676560,4.9,0,,,,,,,,,,,,,,,,,,,,,,,,,,,,,,
54b08d09c9f527147b7891c9,Derecho Internacional Experimental,Materia de nivel avanzado perteneciente a la facultad de Derecho.,derecho,avanzado,100 horas,virtual,69da7b979910d14434676567,4.2,0,,,,,,,,,,,,,,,,,,,,,,,,,,,,,,
4b1e7a0fe9db5edeb83cc313,Derecho Administrativo III,Materia de nivel avanzado perteneciente a la facultad de Derecho.,derecho,avanzado,50 horas,virtual,69da7b979910d14434676563,4.8,0,,,,,,,,,,,,,,,,,,,,,,,,,,,,,,
0eaf4255c63433a93baf9d01,Tópicos Selectos de Derecho Laboral Avanzada,Materia de nivel avanzado perteneciente a la facultad de Derecho.,derecho,avanzado,60 horas,virtual,69da7b979910d14434676563,4.7,0,,,,,,,,,,,,,,,,,,,,,,,,,,,,,,
2ccab8a14a62c07fc6ee73fa,Proyecto de Obligaciones Avanzada,Materia de nivel avanzado perteneciente a la facultad de Derecho.,derecho,avanzado,106 horas,presencial,69da7b979910d14434676563,4.7,0,,,,,,,,,,,,,,,,,,,,,,,,,,,,,,
5e45a4d8102c62758c36ea2a,Derecho Constitucional III,Materia de nivel avanzado perteneciente a la facultad de Derecho.,derecho,avanzado,99 horas,virtual,69da7b979910d14434676566,5,0,,,,,,,,,,,,,,,,,,,,,,,,,,,,,,
cc62b473f78b0717f6f3ac58,Derecho Tributario Avanzada,Materia de nivel avanzado perteneciente a la facultad de Derecho.,derecho,avanzado,78 horas,hibrido,69da7b979910d14434676566,3.7,0,,,,,,,,,,,,,,,,,,,,,,,,,,,,,,
968c7f3330f70a324bf4c21d,Derecho Administrativo Avanzada,Materia de nivel avanzado perteneciente a la facultad de Derecho.,derecho,avanzado,116 horas,presencial,69da7b979910d14434676560,4.9,0,,,,,,,,,,,,,,,,,,,,,,,,,,,,,,
2890f61e2e4fea4f06977905,Derecho Procesal III,Materia de nivel avanzado perteneciente a la facultad de Derecho.,derecho,avanzado,82 horas,virtual,69da7b979910d14434676566,4,0,,,,,,,,,,,,,,,,,,,,,,,,,,,,,,
1564d731372cadad58f12696,Derecho Laboral III,Materia de nivel avanzado perteneciente a la facultad de Derecho.,derecho,avanzado,62 horas,hibrido,69da7b979910d14434676563,3.8,0,,,,,,,,,,,,,,,,,,,,,,,,,,,,,,
a78afc1b3caf182aa835d331,Teoría de Economía Ambiental,Materia de nivel basico perteneciente a la facultad de Economia.,economia,basico,53 horas,hibrido,69da7b979910d14434676566,3.9,0,,,,,,,,,,,,,,,,,,,,,,,,,,,,,,
94f770ec20ba8120c3cc2246,Finanzas Públicas Elemental,Materia de nivel basico perteneciente a la facultad de Economia.,economia,basico,87 horas,virtual,69da7b979910d14434676563,4.9,0,,,,,,,,,,,,,,,,,,,,,,,,,,,,,,
28e3b53799dc1783b9bc09bc,Bases de Comercio Exterior Elemental,Materia de nivel basico perteneciente a la facultad de Economia.,economia,basico,112 horas,presencial,69da7b979910d1443467655f,3.8,0,,,,,,,,,,,,,,,,,,,,,,,,,,,,,,
2b2dc9838788fa0828aae865,Matemática Financiera General,Materia de nivel basico perteneciente a la facultad de Economia.,economia,basico,69 horas,hibrido,69da7b979910d14434676565,3.6,0,,,,,,,,,,,,,,,,,,,,,,,,,,,,,,
a08612cec422e847b81126ef,Bases de Estadística Económica,Materia de nivel basico perteneciente a la facultad de Economia.,economia,basico,91 horas,presencial,69da7b979910d14434676561,4.5,0,,,,,,,,,,,,,,,,,,,,,,,,,,,,,,
fec1070bb7d28226eb6b160b,Historia Económica I,Materia de nivel basico perteneciente a la facultad de Economia.,economia,basico,49 horas,hibrido,69da7b979910d14434676560,4.3,0,,,,,,,,,,,,,,,,,,,,,,,,,,,,,,
fb59e2c3344da8819e097d92,Economía Internacional General,Materia de nivel basico perteneciente a la facultad de Economia.,economia,basico,64 horas,presencial,69da7b979910d14434676565,4.1,0,,,,,,,,,,,,,,,,,,,,,,,,,,,,,,
7704ab8b2f7dcaac122d4f4d,Finanzas Públicas I,Materia de nivel basico perteneciente a la facultad de Economia.,economia,basico,81 horas,virtual,69da7b979910d14434676565,4.2,0,,,,,,,,,,,,,,,,,,,,,,,,,,,,,,
24345fed063f125ba31998aa,Bases de Finanzas Públicas,Materia de nivel basico perteneciente a la facultad de Economia.,economia,basico,73 horas,hibrido,69da7b979910d14434676566,4.2,0,,,,,,,,,,,,,,,,,,,,,,,,,,,,,,
59cd120cfdaa85227ad624b6,Introducción a Matemática Financiera Elemental,Materia de nivel basico perteneciente a la facultad de Economia.,economia,basico,87 horas,presencial,69da7b979910d1443467655f,5,0,,,,,,,,,,,,,,,,,,,,,,,,,,,,,,
a4d81be5025a6aba1a7ec6c4,Teoría de Economía Internacional I,Materia de nivel basico perteneciente a la facultad de Economia.,economia,basico,84 horas,hibrido,69da7b979910d14434676567,4.2,0,,,,,,,,,,,,,,,,,,,,,,,,,,,,,,
acda3f47a60d53522defabb0,Marketing General,Materia de nivel basico perteneciente a la facultad de Economia.,economia,basico,82 horas,presencial,69da7b979910d14434676567,4.6,0,,,,,,,,,,,,,,,,,,,,,,,,,,,,,,
fe4c528e4224d60d2936619a,Administración I,Materia de nivel basico perteneciente a la facultad de Economia.,economia,basico,113 horas,hibrido,69da7b979910d14434676563,4.3,0,,,,,,,,,,,,,,,,,,,,,,,,,,,,,,
39b788ea798b0635fbd77cf5,Fundamentos de Auditoría,Materia de nivel basico perteneciente a la facultad de Economia.,economia,basico,116 horas,presencial,69da7b979910d14434676566,4.9,0,,,,,,,,,,,,,,,,,,,,,,,,,,,,,,
fb80af7f744234645636c920,Bases de Desarrollo Económico,Materia de nivel basico perteneciente a la facultad de Economia.,economia,basico,46 horas,presencial,69da7b979910d14434676562,3.9,0,,,,,,,,,,,,,,,,,,,,,,,,,,,,,,
c5128be4ab7308e92eab5b8d,Economía Internacional Elemental,Materia de nivel basico perteneciente a la facultad de Economia.,economia,basico,60 horas,presencial,69da7b979910d14434676561,3.7,0,,,,,,,,,,,,,,,,,,,,,,,,,,,,,,
0e688e2e797319888c0c418f,Economía Internacional I,Materia de nivel basico perteneciente a la facultad de Economia.,economia,basico,88 horas,virtual,69da7b979910d14434676563,3.9,0,,,,,,,,,,,,,,,,,,,,,,,,,,,,,,
c4dc5cbbbd96c1083b70a426,Desarrollo Económico I,Materia de nivel basico perteneciente a la facultad de Economia.,economia,basico,96 horas,virtual,69da7b979910d14434676560,4.8,0,,,,,,,,,,,,,,,,,,,,,,,,,,,,,,
c4030c62f0d02614471bce98,Administración Elemental,Materia de nivel basico perteneciente a la facultad de Economia.,economia,basico,98 horas,virtual,69da7b979910d14434676567,4.4,0,,,,,,,,,,,,,,,,,,,,,,,,,,,,,,
6d92da5dc4ba44e676dc9cfd,Macroeconomía General,Materia de nivel basico perteneciente a la facultad de Economia.,economia,basico,69 horas,presencial,69da7b979910d14434676561,4.2,0,,,,,,,,,,,,,,,,,,,,,,,,,,,,,,
b0489cc905165d5f38dc7d84,Administración Intermedia,Materia de nivel intermedio perteneciente a la facultad de Economia.,economia,intermedio,48 horas,presencial,69da7b979910d14434676561,4.3,0,,,,,,,,,,,,,,,,,,,,,,,,,,,,,,
eeb6fce1a35c17984a82f4fd,Comercio Exterior II,Materia de nivel intermedio perteneciente a la facultad de Economia.,economia,intermedio,64 horas,hibrido,69da7b979910d14434676563,4.7,0,,,,,,,,,,,,,,,,,,,,,,,,,,,,,,
ad7989f6a9e744ee08eff271,Econometría Intermedia,Materia de nivel intermedio perteneciente a la facultad de Economia.,economia,intermedio,106 horas,presencial,69da7b979910d14434676560,3.9,0,,,,,,,,,,,,,,,,,,,,,,,,,,,,,,
3f4cad55205ae0e4521c872c,Aplicaciones de Comercio Exterior Comparada,Materia de nivel intermedio perteneciente a la facultad de Economia.,economia,intermedio,59 horas,presencial,69da7b979910d1443467655e,4.5,0,,,,,,,,,,,,,,,,,,,,,,,,,,,,,,
0e616682dab6949a7022546c,Estudio de Administración,Materia de nivel intermedio perteneciente a la facultad de Economia.,economia,intermedio,42 horas,hibrido,69da7b979910d14434676564,4.6,0,,,,,,,,,,,,,,,,,,,,,,,,,,,,,,
c607cd43b9c7c3b1f4995813,Macroeconomía II,Materia de nivel intermedio perteneciente a la facultad de Economia.,economia,intermedio,83 horas,virtual,69da7b979910d14434676565,3.8,0,,,,,,,,,,,,,,,,,,,,,,,,,,,,,,
a02d7608969a8612715bc6f7,Prácticas de Econometría Intermedia,Materia de nivel intermedio perteneciente a la facultad de Economia.,economia,intermedio,79 horas,presencial,69da7b979910d14434676564,4,0,,,,,,,,,,,,,,,,,,,,,,,,,,,,,,
5dfc2ad5959ac93282641829,Prácticas de Comercio Exterior Aplicada,Materia de nivel intermedio perteneciente a la facultad de Economia.,economia,intermedio,60 horas,hibrido,69da7b979910d14434676567,4.3,0,,,,,,,,,,,,,,,,,,,,,,,,,,,,,,
aaa633880caad71abd894543,Marketing Comparada,Materia de nivel intermedio perteneciente a la facultad de Economia.,economia,intermedio,86 horas,hibrido,69da7b979910d14434676567,4.5,0,,,,,,,,,,,,,,,,,,,,,,,,,,,,,,
2bd0e7823a709027a68c6563,Análisis de Econometría Intermedia,Materia de nivel intermedio perteneciente a la facultad de Economia.,economia,intermedio,118 horas,presencial,69da7b979910d14434676560,3.9,0,,,,,,,,,,,,,,,,,,,,,,,,,,,,,,
30bc9836bfa8c80660e71a10,Marketing II,Materia de nivel intermedio perteneciente a la facultad de Economia.,economia,intermedio,40 horas,presencial,69da7b979910d14434676564,4.9,0,,,,,,,,,,,,,,,,,,,,,,,,,,,,,,
7f989066dce40f3e0dc1059a,Historia Económica Intermedia,Materia de nivel intermedio perteneciente a la facultad de Economia.,economia,intermedio,83 horas,hibrido,69da7b979910d1443467655f,4.5,0,,,,,,,,,,,,,,,,,,,,,,,,,,,,,,
a6073e014f9c0095f9a06c0a,Estudio de Recursos Humanos,Materia de nivel intermedio perteneciente a la facultad de Economia.,economia,intermedio,88 horas,virtual,69da7b979910d14434676566,4.8,0,,,,,,,,,,,,,,,,,,,,,,,,,,,,,,
8901d4815b96f5ef39b78b60,Auditoría Aplicada,Materia de nivel intermedio perteneciente a la facultad de Economia.,economia,intermedio,114 horas,virtual,69da7b979910d14434676562,3.8,0,,,,,,,,,,,,,,,,,,,,,,,,,,,,,,
04b7cd037f69568004b89edc,Prácticas de Auditoría II,Materia de nivel intermedio perteneciente a la facultad de Economia.,economia,intermedio,119 horas,virtual,69da7b979910d14434676562,4.1,0,,,,,,,,,,,,,,,,,,,,,,,,,,,,,,
30bd54e7a5bcfc2655f7bbe9,Temas Especiales en Estadística Económica,Materia de nivel avanzado perteneciente a la facultad de Economia.,economia,avanzado,72 horas,presencial,69da7b979910d1443467655f,4.6,0,,,,,,,,,,,,,,,,,,,,,,,,,,,,,,
37a549f681c253c111ec4d29,Seminario de Matemática Financiera,Materia de nivel avanzado perteneciente a la facultad de Economia.,economia,avanzado,101 horas,hibrido,69da7b979910d14434676561,3.7,0,,,,,,,,,,,,,,,,,,,,,,,,,,,,,,
94b527667a910dfebdec24e8,Estadística Económica III,Materia de nivel avanzado perteneciente a la facultad de Economia.,economia,avanzado,119 horas,presencial,69da7b979910d14434676565,4.1,0,,,,,,,,,,,,,,,,,,,,,,,,,,,,,,
a93acbf4debe06c3d8ec1440,Investigación en Matemática Financiera,Materia de nivel avanzado perteneciente a la facultad de Economia.,economia,avanzado,49 horas,presencial,69da7b979910d14434676567,4.4,0,,,,,,,,,,,,,,,,,,,,,,,,,,,,,,
2a007e583ec8cd7c3914299c,Historia Económica Avanzada,Materia de nivel avanzado perteneciente a la facultad de Economia.,economia,avanzado,50 horas,hibrido,69da7b979910d14434676564,4,0,,,,,,,,,,,,,,,,,,,,,,,,,,,,,,
5f66934541d259c9ae6e071d,Historia Económica III,Materia de nivel avanzado perteneciente a la facultad de Economia.,economia,avanzado,86 horas,presencial,69da7b979910d1443467655f,4.3,0,,,,,,,,,,,,,,,,,,,,,,,,,,,,,,
b55ecda4bd089262b3cb94b8,Seminario de Finanzas Públicas,Materia de nivel avanzado perteneciente a la facultad de Economia.,economia,avanzado,75 horas,presencial,69da7b979910d14434676561,4.5,0,,,,,,,,,,,,,,,,,,,,,,,,,,,,,,
d9dcb16a5e240c7f3ec7916e,Economía Ambiental III,Materia de nivel avanzado perteneciente a la facultad de Economia.,economia,avanzado,82 horas,hibrido,69da7b979910d14434676564,3.8,0,,,,,,,,,,,,,,,,,,,,,,,,,,,,,,
c84937a812e7598209e954de,Auditoría III,Materia de nivel avanzado perteneciente a la facultad de Economia.,economia,avanzado,47 horas,presencial,69da7b979910d14434676565,4.9,0,,,,,,,,,,,,,,,,,,,,,,,,,,,,,,
b99d0b178ca639d3eaf034b6,Recursos Humanos III,Materia de nivel avanzado perteneciente a la facultad de Economia.,economia,avanzado,66 horas,hibrido,69da7b979910d14434676566,3.7,0,,,,,,,,,,,,,,,,,,,,,,,,,,,,,,
dd245f22f0415796eea4943c,Investigación en Estadística Económica III,Materia de nivel avanzado perteneciente a la facultad de Economia.,economia,avanzado,97 horas,presencial,69da7b979910d14434676565,3.9,0,,,,,,,,,,,,,,,,,,,,,,,,,,,,,,
ba9db00baa6d06e26936cbd1,Investigación en Economía Ambiental,Materia de nivel avanzado perteneciente a la facultad de Economia.,economia,avanzado,99 horas,hibrido,69da7b979910d14434676565,3.7,0,,,,,,,,,,,,,,,,,,,,,,,,,,,,,,
a1f922377f7e4ce7e24cf2af,Proyecto de Marketing Clínica,Materia de nivel avanzado perteneciente a la facultad de Economia.,economia,avanzado,113 horas,hibrido,69da7b979910d14434676566,3.8,0,,,,,,,,,,,,,,,,,,,,,,,,,,,,,,
dd9e401de016760478a03456,Seminario de Desarrollo Económico,Materia de nivel avanzado perteneciente a la facultad de Economia.,economia,avanzado,71 horas,hibrido,69da7b979910d14434676563,3.9,0,,,,,,,,,,,,,,,,,,,,,,,,,,,,,,
8cdf1252e0b513b4ab3a9d64,Investigación en Recursos Humanos Clínica,Materia de nivel avanzado perteneciente a la facultad de Economia.,economia,avanzado,115 horas,virtual,69da7b979910d14434676562,4.6,0,,,,,,,,,,,,,,,,,,,,,,,,,,,,,,
238849a5209d0897aed82e1a,Sociología I,Materia de nivel basico perteneciente a la facultad de Humanidades.,humanidades,basico,101 horas,hibrido,69da7b979910d14434676566,5,0,,,,,,,,,,,,,,,,,,,,,,,,,,,,,,
3f7541dbcd446dd623dc807b,Principios de Arqueología,Materia de nivel basico perteneciente a la facultad de Humanidades.,humanidades,basico,50 horas,presencial,69da7b979910d14434676564,4.9,0,,,,,,,,,,,,,,,,,,,,,,,,,,,,,,
6fe0c0e9afc44612ed756bdd,Fundamentos de Ética Básica,Materia de nivel basico perteneciente a la facultad de Humanidades.,humanidades,basico,77 horas,presencial,69da7b979910d1443467655f,4.9,0,,,,,,,,,,,,,,,,,,,,,,,,,,,,,,
c5b490776ce1bf0c5ef6c478,Historia Contemporánea I,Materia de nivel basico perteneciente a la facultad de Humanidades.,humanidades,basico,120 horas,presencial,69da7b979910d14434676560,4.8,0,,,,,,,,,,,,,,,,,,,,,,,,,,,,,,
35be1765123f9fff74fe4d76,Bases de Ciencias Políticas General,Materia de nivel basico perteneciente a la facultad de Humanidades.,humanidades,basico,67 horas,virtual,69da7b979910d14434676566,4.3,0,,,,,,,,,,,,,,,,,,,,,,,,,,,,,,
14b7599f4884f8362f3b0db4,Ética Básica,Materia de nivel basico perteneciente a la facultad de Humanidades.,humanidades,basico,91 horas,hibrido,69da7b979910d1443467655f,4.1,0,,,,,,,,,,,,,,,,,,,,,,,,,,,,,,
9e0309ce80f651674a3a8bbc,Arqueología I,Materia de nivel basico perteneciente a la facultad de Humanidades.,humanidades,basico,40 horas,virtual,69da7b979910d1443467655f,4.2,0,,,,,,,,,,,,,,,,,,,,,,,,,,,,,,
c7d2988bf457398fc50ce876,Principios de Literatura Básica,Materia de nivel basico perteneciente a la facultad de Humanidades.,humanidades,basico,47 horas,virtual,69da7b979910d1443467655f,5,0,,,,,,,,,,,,,,,,,,,,,,,,,,,,,,
6c5d553bfc69f76fe011c5cb,Principios de Historia Contemporánea General,Materia de nivel basico perteneciente a la facultad de Humanidades.,humanidades,basico,113 horas,presencial,69da7b979910d1443467655f,4.6,0,,,,,,,,,,,,,,,,,,,,,,,,,,,,,,
252fff0a1f783f2425d3f861,Teoría de Literatura,Materia de nivel basico perteneciente a la facultad de Humanidades.,humanidades,basico,62 horas,virtual,69da7b979910d14434676561,4.9,0,,,,,,,,,,,,,,,,,,,,,,,,,,,,,,
3e013b961709eb2ce1155e85,Introducción a Letras Clásicas,Materia de nivel basico perteneciente a la facultad de Humanidades.,humanidades,basico,99 horas,hibrido,69da7b979910d14434676561,4.3,0,,,,,,,,,,,,,,,,,,,,,,,,,,,,,,
180f982a7c9c275adf6c1ce7,Literatura I,Materia de nivel basico perteneciente a la facultad de Humanidades.,humanidades,basico,43 horas,virtual,69da7b979910d14434676564,3.9,0,,,,,,,,,,,,,,,,,,,,,,,,,,,,,,
2c5f51aa2e8733cd892d7531,Teoría de Psicología I,Materia de nivel basico perteneciente a la facultad de Humanidades.,humanidades,basico,65 horas,hibrido,69da7b979910d14434676566,4.2,0,,,,,,,,,,,,,,,,,,,,,,,,,,,,,,
c8d268b47f3e1ae39c23bc0c,Psicología Básica,Materia de nivel basico perteneciente a la facultad de Humanidades.,humanidades,basico,108 horas,hibrido,69da7b979910d14434676560,4.8,0,,,,,,,,,,,,,,,,,,,,,,,,,,,,,,
e14f85cb5347d564b3ae5a34,Sociología Elemental,Materia de nivel basico perteneciente a la facultad de Humanidades.,humanidades,basico,49 horas,presencial,69da7b979910d1443467655e,4.5,0,,,,,,,,,,,,,,,,,,,,,,,,,,,,,,
f6a7db21f4cba4897ffc272d,Historia Antigua Básica,Materia de nivel basico perteneciente a la facultad de Humanidades.,humanidades,basico,92 horas,presencial,69da7b979910d14434676564,4.7,0,,,,,,,,,,,,,,,,,,,,,,,,,,,,,,
dad1ad9134e350c338c7ebf8,Pedagogía I,Materia de nivel basico perteneciente a la facultad de Humanidades.,humanidades,basico,88 horas,presencial,69da7b979910d14434676564,4.3,0,,,,,,,,,,,,,,,,,,,,,,,,,,,,,,
382d68320b47d0423299824a,Introducción a Psicología General,Materia de nivel basico perteneciente a la facultad de Humanidades.,humanidades,basico,107 horas,virtual,69da7b979910d14434676561,4.9,0,,,,,,,,,,,,,,,,,,,,,,,,,,,,,,
c12101794941cabd69925c4d,Lingüística Básica,Materia de nivel basico perteneciente a la facultad de Humanidades.,humanidades,basico,63 horas,virtual,69da7b979910d14434676565,3.5,0,,,,,,,,,,,,,,,,,,,,,,,,,,,,,,
03a4128914f58630aa6f69d8,Geografía I,Materia de nivel basico perteneciente a la facultad de Humanidades.,humanidades,basico,81 horas,virtual,69da7b979910d14434676563,4.1,0,,,,,,,,,,,,,,,,,,,,,,,,,,,,,,
f6e2ea16270c484b634cc6b6,Prácticas de Epistemología Comparada,Materia de nivel intermedio perteneciente a la facultad de Humanidades.,humanidades,intermedio,63 horas,presencial,69da7b979910d14434676563,4.5,0,,,,,,,,,,,,,,,,,,,,,,,,,,,,,,
d59f72b4da162ddab3e7e901,Epistemología II,Materia de nivel intermedio perteneciente a la facultad de Humanidades.,humanidades,intermedio,40 horas,hibrido,69da7b979910d14434676566,4.4,0,,,,,,,,,,,,,,,,,,,,,,,,,,,,,,
96d2f24b5db544f5a9b8fc0a,Sociología Aplicada,Materia de nivel intermedio perteneciente a la facultad de Humanidades.,humanidades,intermedio,74 horas,virtual,69da7b979910d14434676566,4,0,,,,,,,,,,,,,,,,,,,,,,,,,,,,,,
8c92ebf3dad9f4daff6a6870,Literatura II,Materia de nivel intermedio perteneciente a la facultad de Humanidades.,humanidades,intermedio,45 horas,hibrido,69da7b979910d14434676560,3.9,0,,,,,,,,,,,,,,,,,,,,,,,,,,,,,,
baa8cc685b81e6090f538ec4,Estudio de Historia Antigua,Materia de nivel intermedio perteneciente a la facultad de Humanidades.,humanidades,intermedio,50 horas,hibrido,69da7b979910d14434676565,4.3,0,,,,,,,,,,,,,,,,,,,,,,,,,,,,,,
209aa11b0b7146d284b7a941,Historia Contemporánea II,Materia de nivel intermedio perteneciente a la facultad de Humanidades.,humanidades,intermedio,76 horas,hibrido,69da7b979910d1443467655e,4.3,0,,,,,,,,,,,,,,,,,,,,,,,,,,,,,,
37087b58caef580de4f6d03a,Geografía Intermedia,Materia de nivel intermedio perteneciente a la facultad de Humanidades.,humanidades,intermedio,113 horas,hibrido,69da7b979910d14434676563,3.9,0,,,,,,,,,,,,,,,,,,,,,,,,,,,,,,
568ee98afbc09ae40d67c176,Prácticas de Literatura Comparada,Materia de nivel intermedio perteneciente a la facultad de Humanidades.,humanidades,intermedio,76 horas,virtual,69da7b979910d14434676562,3.8,0,,,,,,,,,,,,,,,,,,,,,,,,,,,,,,
8cc9d136dd6c30d252c3cbeb,Laboratorio de Antropología Aplicada,Materia de nivel intermedio perteneciente a la facultad de Humanidades.,humanidades,intermedio,86 horas,virtual,69da7b979910d14434676562,3.7,0,,,,,,,,,,,,,,,,,,,,,,,,,,,,,,
55b79576b3b2aa2d83270082,Laboratorio de Literatura Intermedia,Materia de nivel intermedio perteneciente a la facultad de Humanidades.,humanidades,intermedio,71 horas,hibrido,69da7b979910d14434676560,4.6,0,,,,,,,,,,,,,,,,,,,,,,,,,,,,,,
6ca4a318bc471b64dce50d24,Prácticas de Ciencias Políticas Aplicada,Materia de nivel intermedio perteneciente a la facultad de Humanidades.,humanidades,intermedio,85 horas,hibrido,69da7b979910d14434676567,4.8,0,,,,,,,,,,,,,,,,,,,,,,,,,,,,,,
8844bee623e05a218df317f7,Sociología II,Materia de nivel intermedio perteneciente a la facultad de Humanidades.,humanidades,intermedio,77 horas,hibrido,69da7b979910d14434676565,3.9,0,,,,,,,,,,,,,,,,,,,,,,,,,,,,,,
5b7788707e6b9903f59bcdc1,Aplicaciones de Sociología,Materia de nivel intermedio perteneciente a la facultad de Humanidades.,humanidades,intermedio,58 horas,virtual,69da7b979910d1443467655e,4.6,0,,,,,,,,,,,,,,,,,,,,,,,,,,,,,,
eceed765f6deed0f1c590d2b,Análisis de Lingüística Comparada,Materia de nivel intermedio perteneciente a la facultad de Humanidades.,humanidades,intermedio,95 horas,presencial,69da7b979910d14434676567,4.9,0,,,,,,,,,,,,,,,,,,,,,,,,,,,,,,
b0745d89a52c96490bda7086,Lingüística Intermedia,Materia de nivel intermedio perteneciente a la facultad de Humanidades.,humanidades,intermedio,40 horas,virtual,69da7b979910d14434676566,4.7,0,,,,,,,,,,,,,,,,,,,,,,,,,,,,,,
61931b38cf0facd97a6a08c8,Seminario de Ciencias Políticas Avanzada,Materia de nivel avanzado perteneciente a la facultad de Humanidades.,humanidades,avanzado,84 horas,presencial,69da7b979910d1443467655e,3.6,0,,,,,,,,,,,,,,,,,,,,,,,,,,,,,,
9c70413b45ccae59d022953f,Historia del Arte III,Materia de nivel avanzado perteneciente a la facultad de Humanidades.,humanidades,avanzado,48 horas,virtual,69da7b979910d14434676561,3.6,0,,,,,,,,,,,,,,,,,,,,,,,,,,,,,,
68f4cbeb8637a05dd1dc8e08,Temas Especiales en Filosofía Experimental,Materia de nivel avanzado perteneciente a la facultad de Humanidades.,humanidades,avanzado,98 horas,presencial,69da7b979910d14434676562,3.8,0,,,,,,,,,,,,,,,,,,,,,,,,,,,,,,
e62b79ddd72ab034c4ebbd61,Tópicos Selectos de Literatura,Materia de nivel avanzado perteneciente a la facultad de Humanidades.,humanidades,avanzado,64 horas,presencial,69da7b979910d14434676561,4.6,0,,,,,,,,,,,,,,,,,,,,,,,,,,,,,,
c794634c77e86ed1669aef8c,Proyecto de Filosofía III,Materia de nivel avanzado perteneciente a la facultad de Humanidades.,humanidades,avanzado,109 horas,hibrido,69da7b979910d14434676567,4,0,,,,,,,,,,,,,,,,,,,,,,,,,,,,,,
f631e519be7a05ce7c5e6403,Filosofía Experimental,Materia de nivel avanzado perteneciente a la facultad de Humanidades.,humanidades,avanzado,70 horas,presencial,69da7b979910d14434676564,4.9,0,,,,,,,,,,,,,,,,,,,,,,,,,,,,,,
2222b4d45a2c110553a8f8d2,Epistemología Experimental,Materia de nivel avanzado perteneciente a la facultad de Humanidades.,humanidades,avanzado,85 horas,presencial,69da7b979910d14434676562,4.6,0,,,,,,,,,,,,,,,,,,,,,,,,,,,,,,
89ac1c934590ce8584df26a4,Tópicos Selectos de Psicología,Materia de nivel avanzado perteneciente a la facultad de Humanidades.,humanidades,avanzado,87 horas,hibrido,69da7b979910d14434676567,4.7,0,,,,,,,,,,,,,,,,,,,,,,,,,,,,,,
bd0c1ac768009fa46a5aa526,Seminario de Filosofía Avanzada,Materia de nivel avanzado perteneciente a la facultad de Humanidades.,humanidades,avanzado,88 horas,virtual,69da7b979910d14434676567,4.3,0,,,,,,,,,,,,,,,,,,,,,,,,,,,,,,
93ff009839c4a1c6e3cb42d3,Proyecto de Ética Experimental,Materia de nivel avanzado perteneciente a la facultad de Humanidades.,humanidades,avanzado,100 horas,hibrido,69da7b979910d14434676563,3.6,0,,,,,,,,,,,,,,,,,,,,,,,,,,,,,,
ed182de0137420a4c4f8ad66,Estética Avanzada,Materia de nivel avanzado perteneciente a la facultad de Humanidades.,humanidades,avanzado,67 horas,virtual,69da7b979910d14434676561,4,0,,,,,,,,,,,,,,,,,,,,,,,,,,,,,,
72be9cad2f3a76d7c1c6f3ff,Tópicos Selectos de Historia del Arte,Materia de nivel avanzado perteneciente a la facultad de Humanidades.,humanidades,avanzado,82 horas,presencial,69da7b979910d14434676562,4.2,0,,,,,,,,,,,,,,,,,,,,,,,,,,,,,,
5383c96022d31f05843dcb0c,Tópicos Selectos de Ética,Materia de nivel avanzado perteneciente a la facultad de Humanidades.,humanidades,avanzado,63 horas,hibrido,69da7b979910d14434676566,4.5,0,,,,,,,,,,,,,,,,,,,,,,,,,,,,,,
e35dc5a2f83627525c1d40ca,Sociología III,Materia de nivel avanzado perteneciente a la facultad de Humanidades.,humanidades,avanzado,82 horas,virtual,69da7b979910d1443467655f,4.4,0,,,,,,,,,,,,,,,,,,,,,,,,,,,,,,
366b4f17e8cd10c24f1de08f,Psicología III,Materia de nivel avanzado perteneciente a la facultad de Humanidades.,humanidades,avanzado,108 horas,presencial,69da7b979910d14434676560,4.8,0,,,,,,,,,,,,,,,,,,,,,,,,,,,,,,
d3ae6bf99404105b459e66c4,Termodinámica I,Materia de nivel basico perteneciente a la facultad de Ingenieria.,ingenieria,basico,46 horas,presencial,69da7b979910d14434676565,3.8,0,,,,,,,,,,,,,,,,,,,,,,,,,,,,,,
a6bccdb36122f1f020eab600,Fundamentos de Investigación de Operaciones,Materia de nivel basico perteneciente a la facultad de Ingenieria.,ingenieria,basico,119 horas,presencial,69da7b979910d1443467655e,4.1,0,,,,,,,,,,,,,,,,,,,,,,,,,,,,,,
8c27d5e6af26f420ecaf37de,Introducción a Circuitos,Materia de nivel basico perteneciente a la facultad de Ingenieria.,ingenieria,basico,64 horas,presencial,69da7b979910d1443467655e,4.5,0,,,,,,,,,,,,,,,,,,,,,,,,,,,,,,
774449229fd677c76bc92426,Principios de Mecánica de Fluidos Básica,Materia de nivel basico perteneciente a la facultad de Ingenieria.,ingenieria,basico,74 horas,virtual,69da7b979910d14434676565,3.5,0,,,,,,,,,,,,,,,,,,,,,,,,,,,,,,
40ce80d7cd372518ab311e8c,Introducción a Manufactura General,Materia de nivel basico perteneciente a la facultad de Ingenieria.,ingenieria,basico,93 horas,presencial,69da7b979910d1443467655e,4,0,,,,,,,,,,,,,,,,,,,,,,,,,,,,,,
4f2bece55700c8d99df9720b,Termodinámica General,Materia de nivel basico perteneciente a la facultad de Ingenieria.,ingenieria,basico,64 horas,hibrido,69da7b979910d14434676567,4.3,0,,,,,,,,,,,,,,,,,,,,,,,,,,,,,,
b80b7731e2014d32c05fd28a,Principios de Señales y Sistemas Básica,Materia de nivel basico perteneciente a la facultad de Ingenieria.,ingenieria,basico,107 horas,presencial,69da7b979910d14434676562,4.6,0,,,,,,,,,,,,,,,,,,,,,,,,,,,,,,
74c43b33cfd410afccf8691d,Fundamentos de Diseño Asistido,Materia de nivel basico perteneciente a la facultad de Ingenieria.,ingenieria,basico,45 horas,presencial,69da7b979910d14434676562,3.6,0,,,,,,,,,,,,,,,,,,,,,,,,,,,,,,
bfb094afebf74c82cf08871a,Investigación de Operaciones I,Materia de nivel basico perteneciente a la facultad de Ingenieria.,ingenieria,basico,69 horas,virtual,69da7b979910d14434676561,3.6,0,,,,,,,,,,,,,,,,,,,,,,,,,,,,,,
64df891f1c87112babfd68fe,Señales y Sistemas General,Materia de nivel basico perteneciente a la facultad de Ingenieria.,ingenieria,basico,115 horas,presencial,69da7b979910d14434676564,3.8,0,,,,,,,,,,,,,,,,,,,,,,,,,,,,,,
5eaf45d5a334240179b3494e,Introducción a Electromagnetismo,Materia de nivel basico perteneciente a la facultad de Ingenieria.,ingenieria,basico,70 horas,virtual,69da7b979910d14434676565,4.5,0,,,,,,,,,,,,,,,,,,,,,,,,,,,,,,
9cbc95c656074df65ddbc5de,Robótica I,Materia de nivel basico perteneciente a la facultad de Ingenieria.,ingenieria,basico,44 horas,presencial,69da7b979910d14434676562,4.5,0,,,,,,,,,,,,,,,,,,,,,,,,,,,,,,
e37812c408ee1fd044590643,Teoría de Señales y Sistemas Elemental,Materia de nivel basico perteneciente a la facultad de Ingenieria.,ingenieria,basico,101 horas,virtual,69da7b979910d14434676564,4.7,0,,,,,,,,,,,,,,,,,,,,,,,,,,,,,,
50e8544404a3fea7bb6ebe0c,Sistemas de Control I,Materia de nivel basico perteneciente a la facultad de Ingenieria.,ingenieria,basico,86 horas,presencial,69da7b979910d14434676567,3.9,0,,,,,,,,,,,,,,,,,,,,,,,,,,,,,,
05529962b5cb138c68dccb07,Diseño Asistido I,Materia de nivel basico perteneciente a la facultad de Ingenieria.,ingenieria,basico,62 horas,hibrido,69da7b979910d14434676562,4.2,0,,,,,,,,,,,,,,,,,,,,,,,,,,,,,,
64ae34efc1ad5e45a1bd56ea,Investigación de Operaciones Elemental,Materia de nivel basico perteneciente a la facultad de Ingenieria.,ingenieria,basico,115 horas,virtual,69da7b979910d1443467655e,4.6,0,,,,,,,,,,,,,,,,,,,,,,,,,,,,,,
4b4897f19cf5272eb7338e6f,Principios de Sistemas Térmicos Básica,Materia de nivel basico perteneciente a la facultad de Ingenieria.,ingenieria,basico,107 horas,hibrido,69da7b979910d14434676561,4,0,,,,,,,,,,,,,,,,,,,,,,,,,,,,,,
c0901ab732615de9c00a8399,Mecánica de Fluidos I,Materia de nivel basico perteneciente a la facultad de Ingenieria.,ingenieria,basico,112 horas,presencial,69da7b979910d14434676564,4.4,0,,,,,,,,,,,,,,,,,,,,,,,,,,,,,,
ff76ed9846096dacb58a643d,Introducción a Electromagnetismo Elemental,Materia de nivel basico perteneciente a la facultad de Ingenieria.,ingenieria,basico,50 horas,hibrido,69da7b979910d1443467655e,4.7,0,,,,,,,,,,,,,,,,,,,,,,,,,,,,,,
479916a2896af40ec372f229,Teoría de Mecánica General,Materia de nivel basico perteneciente a la facultad de Ingenieria.,ingenieria,basico,85 horas,presencial,69da7b979910d14434676567,3.9,0,,,,,,,,,,,,,,,,,,,,,,,,,,,,,,
deeb48500e4e6230bc4d2f36,Aplicaciones de Álgebra Comparada,Materia de nivel intermedio perteneciente a la facultad de Ingenieria.,ingenieria,intermedio,45 horas,virtual,69da7b979910d14434676564,4.1,0,,,,,,,,,,,,,,,,,,,,,,,,,,,,,,
ff3c3fb33418bd5992c7a990,Aplicaciones de Álgebra Intermedia,Materia de nivel intermedio perteneciente a la facultad de Ingenieria.,ingenieria,intermedio,72 horas,hibrido,69da7b979910d14434676565,4.5,0,,,,,,,,,,,,,,,,,,,,,,,,,,,,,,
7d614e5e5314567e9f019396,Prácticas de Cálculo,Materia de nivel intermedio perteneciente a la facultad de Ingenieria.,ingenieria,intermedio,120 horas,presencial,69da7b979910d14434676564,4.2,0,,,,,,,,,,,,,,,,,,,,,,,,,,,,,,
ef16168fa3a5862711f494ed,Aplicaciones de Materiales Aplicada,Materia de nivel intermedio perteneciente a la facultad de Ingenieria.,ingenieria,intermedio,77 horas,virtual,69da7b979910d14434676563,4.1,0,,,,,,,,,,,,,,,,,,,,,,,,,,,,,,
f7bd9771809bde2e5f5b9902,Aplicaciones de Resistencia de Materiales II,Materia de nivel intermedio perteneciente a la facultad de Ingenieria.,ingenieria,intermedio,74 horas,hibrido,69da7b979910d14434676564,4.5,0,,,,,,,,,,,,,,,,,,,,,,,,,,,,,,
7ba5b2b7222d1ce715ec0f7d,Circuitos Aplicada,Materia de nivel intermedio perteneciente a la facultad de Ingenieria.,ingenieria,intermedio,52 horas,hibrido,69da7b979910d14434676566,4.9,0,,,,,,,,,,,,,,,,,,,,,,,,,,,,,,
b81b10a0a4d76a6918f9d175,Prácticas de Robótica,Materia de nivel intermedio perteneciente a la facultad de Ingenieria.,ingenieria,intermedio,71 horas,hibrido,69da7b979910d14434676563,3.6,0,,,,,,,,,,,,,,,,,,,,,,,,,,,,,,
33cc4b238c5394931210f28b,Laboratorio de Materiales Comparada,Materia de nivel intermedio perteneciente a la facultad de Ingenieria.,ingenieria,intermedio,88 horas,hibrido,69da7b979910d14434676567,4.8,0,,,,,,,,,,,,,,,,,,,,,,,,,,,,,,
c5ee04b5c5efd482d773e12f,Sistemas Térmicos Comparada,Materia de nivel intermedio perteneciente a la facultad de Ingenieria.,ingenieria,intermedio,86 horas,hibrido,69da7b979910d14434676567,3.6,0,,,,,,,,,,,,,,,,,,,,,,,,,,,,,,
20244a6538351ee94a93b495,Robótica II,Materia de nivel intermedio perteneciente a la facultad de Ingenieria.,ingenieria,intermedio,96 horas,virtual,69da7b979910d14434676561,4.2,0,,,,,,,,,,,,,,,,,,,,,,,,,,,,,,
83933a959b7ecbbb87f5ab49,Análisis de Sistemas Térmicos Comparada,Materia de nivel intermedio perteneciente a la facultad de Ingenieria.,ingenieria,intermedio,76 horas,hibrido,69da7b979910d14434676564,3.7,0,,,,,,,,,,,,,,,,,,,,,,,,,,,,,,
0d0937b8097afd1a42d27865,Estudio de Robótica,Materia de nivel intermedio perteneciente a la facultad de Ingenieria.,ingenieria,intermedio,43 horas,virtual,69da7b979910d14434676565,4,0,,,,,,,,,,,,,,,,,,,,,,,,,,,,,,
8107320eeb4e4b0f9bb808b3,Aplicaciones de Materiales,Materia de nivel intermedio perteneciente a la facultad de Ingenieria.,ingenieria,intermedio,46 horas,virtual,69da7b979910d1443467655f,4.6,0,,,,,,,,,,,,,,,,,,,,,,,,,,,,,,
1c26c209dedb4cf05209890d,Álgebra II,Materia de nivel intermedio perteneciente a la facultad de Ingenieria.,ingenieria,intermedio,55 horas,hibrido,69da7b979910d14434676567,4.9,0,,,,,,,,,,,,,,,,,,,,,,,,,,,,,,
08e51043b83b755ee65174bb,Aplicaciones de Álgebra,Materia de nivel intermedio perteneciente a la facultad de Ingenieria.,ingenieria,intermedio,83 horas,virtual,69da7b979910d14434676566,4.6,0,,,,,,,,,,,,,,,,,,,,,,,,,,,,,,
4b234f0012573c35505057d4,Temas Especiales en Mecánica de Fluidos,Materia de nivel avanzado perteneciente a la facultad de Ingenieria.,ingenieria,avanzado,103 horas,presencial,69da7b979910d14434676565,3.8,0,,,,,,,,,,,,,,,,,,,,,,,,,,,,,,
6f91c5db9cd5b8a276976b7b,Sistemas de Control III,Materia de nivel avanzado perteneciente a la facultad de Ingenieria.,ingenieria,avanzado,65 horas,presencial,69da7b979910d14434676560,3.7,0,,,,,,,,,,,,,,,,,,,,,,,,,,,,,,
a2c871f523e64a2d1337bbab,Resistencia de Materiales Clínica,Materia de nivel avanzado perteneciente a la facultad de Ingenieria.,ingenieria,avanzado,45 horas,hibrido,69da7b979910d14434676563,4.5,0,,,,,,,,,,,,,,,,,,,,,,,,,,,,,,
669e289a5f344587499ee837,Manufactura Experimental,Materia de nivel avanzado perteneciente a la facultad de Ingenieria.,ingenieria,avanzado,116 horas,hibrido,69da7b979910d14434676564,3.8,0,,,,,,,,,,,,,,,,,,,,,,,,,,,,,,
62e57bc742498a9ac2923495,Sistemas Térmicos Experimental,Materia de nivel avanzado perteneciente a la facultad de Ingenieria.,ingenieria,avanzado,80 horas,hibrido,69da7b979910d14434676562,4.1,0,,,,,,,,,,,,,,,,,,,,,,,,,,,,,,
8278350ff3c325f4c9c0fd25,Investigación en Diseño Asistido Experimental,Materia de nivel avanzado perteneciente a la facultad de Ingenieria.,ingenieria,avanzado,60 horas,presencial,69da7b979910d14434676565,4.8,0,,,,,,,,,,,,,,,,,,,,,,,,,,,,,,
5736717a7a7cad602b04a2c2,Física Avanzada,Materia de nivel avanzado perteneciente a la facultad de Ingenieria.,ingenieria,avanzado,115 horas,presencial,69da7b979910d14434676567,4,0,,,,,,,,,,,,,,,,,,,,,,,,,,,,,,
564f776dd5f1d4b7def6de4e,Temas Especiales en Sistemas Térmicos Experimental,Materia de nivel avanzado perteneciente a la facultad de Ingenieria.,ingenieria,avanzado,100 horas,virtual,69da7b979910d14434676565,3.9,0,,,,,,,,,,,,,,,,,,,,,,,,,,,,,,
c2805069946f94290c9b6a34,Mecánica Avanzada,Materia de nivel avanzado perteneciente a la facultad de Ingenieria.,ingenieria,avanzado,63 horas,presencial,69da7b979910d1443467655f,4.6,0,,,,,,,,,,,,,,,,,,,,,,,,,,,,,,
ce33011a916354020332382a,Álgebra III,Materia de nivel avanzado perteneciente a la facultad de Ingenieria.,ingenieria,avanzado,109 horas,virtual,69da7b979910d14434676567,4.6,0,,,,,,,,,,,,,,,,,,,,,,,,,,,,,,
0cbceb7af0ae4c508b6aa280,Sistemas de Control Clínica,Materia de nivel avanzado perteneciente a la facultad de Ingenieria.,ingenieria,avanzado,82 horas,hibrido,69da7b979910d1443467655f,4,0,,,,,,,,,,,,,,,,,,,,,,,,,,,,,,
46a676f0a184b3f441a56f72,Cálculo III,Materia de nivel avanzado perteneciente a la facultad de Ingenieria.,ingenieria,avanzado,87 horas,presencial,69da7b979910d14434676567,3.6,0,,,,,,,,,,,,,,,,,,,,,,,,,,,,,,
1c3c73071e0addfb41186abf,Mecánica de Fluidos Avanzada,Materia de nivel avanzado perteneciente a la facultad de Ingenieria.,ingenieria,avanzado,94 horas,hibrido,69da7b979910d14434676561,4.3,0,,,,,,,,,,,,,,,,,,,,,,,,,,,,,,
3a582726d7ee3ed5902d6a3e,Sistemas de Control Avanzada,Materia de nivel avanzado perteneciente a la facultad de Ingenieria.,ingenieria,avanzado,100 horas,virtual,69da7b979910d14434676562,4.4,0,,,,,,,,,,,,,,,,,,,,,,,,,,,,,,
07775f21589b5f4a74194bbd,Cálculo Experimental,Materia de nivel avanzado perteneciente a la facultad de Ingenieria.,ingenieria,avanzado,59 horas,hibrido,69da7b979910d14434676565,4.5,0,,,,,,,,,,,,,,,,,,,,,,,,,,,,,,
cd9df6caff20ce4a6ad74606,Bases de Teoría del Color General,Materia de nivel basico perteneciente a la facultad de Artes.,artes,basico,58 horas,presencial,69da7b979910d14434676560,4.5,0,,,,,,,,,,,,,,,,,,,,,,,,,,,,,,
11527333f449eede87cfb9a1,Principios de Grabado,Materia de nivel basico perteneciente a la facultad de Artes.,artes,basico,47 horas,hibrido,69da7b979910d14434676560,4.4,0,,,,,,,,,,,,,,,,,,,,,,,,,,,,,,
65f74b93aa0c0256a94f3501,Fundamentos de Escultura,Materia de nivel basico perteneciente a la facultad de Artes.,artes,basico,60 horas,hibrido,69da7b979910d14434676560,4.4,0,,,,,,,,,,,,,,,,,,,,,,,,,,,,,,
48c23fd389e2cfb9b767a198,Principios de Estética Visual,Materia de nivel basico perteneciente a la facultad de Artes.,artes,basico,41 horas,virtual,69da7b979910d14434676566,4.1,0,,,,,,,,,,,,,,,,,,,,,,,,,,,,,,
dcc68f29383e1bc7cafcb298,Dibujo I,Materia de nivel basico perteneciente a la facultad de Artes.,artes,basico,77 horas,presencial,69da7b979910d14434676565,4.8,0,,,,,,,,,,,,,,,,,,,,,,,,,,,,,,
f8a7569334f31369cc4bbeef,Estética Visual General,Materia de nivel basico perteneciente a la facultad de Artes.,artes,basico,116 horas,virtual,69da7b979910d14434676564,4.7,0,,,,,,,,,,,,,,,,,,,,,,,,,,,,,,
a998e2dff83012bf1e06c1e7,Introducción a Pintura Elemental,Materia de nivel basico perteneciente a la facultad de Artes.,artes,basico,102 horas,presencial,69da7b979910d1443467655f,4.5,0,,,,,,,,,,,,,,,,,,,,,,,,,,,,,,
71c29a9247ee2e24c17f1ff7,Arte Contemporáneo I,Materia de nivel basico perteneciente a la facultad de Artes.,artes,basico,75 horas,presencial,69da7b979910d14434676564,3.9,0,,,,,,,,,,,,,,,,,,,,,,,,,,,,,,
c35490bffb74a7e93b78d6e6,Fundamentos de Crítica de Arte Básica,Materia de nivel basico perteneciente a la facultad de Artes.,artes,basico,42 horas,virtual,69da7b979910d14434676567,3.6,0,,,,,,,,,,,,,,,,,,,,,,,,,,,,,,
070c7e58184d385ae1eb3a18,Fotografía I,Materia de nivel basico perteneciente a la facultad de Artes.,artes,basico,120 horas,hibrido,69da7b979910d14434676561,4,0,,,,,,,,,,,,,,,,,,,,,,,,,,,,,,
2872fd10cf5ef7e3b8e656f4,Teoría del Color Elemental,Materia de nivel basico perteneciente a la facultad de Artes.,artes,basico,42 horas,virtual,69da7b979910d14434676566,3.8,0,,,,,,,,,,,,,,,,,,,,,,,,,,,,,,
cfcdd462e46994249ef52acb,Fundamentos de Teoría del Color General,Materia de nivel basico perteneciente a la facultad de Artes.,artes,basico,49 horas,virtual,69da7b979910d14434676561,4.5,0,,,,,,,,,,,,,,,,,,,,,,,,,,,,,,
b2a1cbcc7ab986a3f85a03cd,Fundamentos de Pintura,Materia de nivel basico perteneciente a la facultad de Artes.,artes,basico,54 horas,virtual,69da7b979910d14434676560,5,0,,,,,,,,,,,,,,,,,,,,,,,,,,,,,,
8b2d138d368f00477b1765e6,Morfología I,Materia de nivel basico perteneciente a la facultad de Artes.,artes,basico,52 horas,presencial,69da7b979910d14434676567,4.5,0,,,,,,,,,,,,,,,,,,,,,,,,,,,,,,
b45a8b48cae1d0ab40a73d0c,Introducción a Arte Contemporáneo,Materia de nivel basico perteneciente a la facultad de Artes.,artes,basico,105 horas,virtual,69da7b979910d14434676562,5,0,,,,,,,,,,,,,,,,,,,,,,,,,,,,,,
27fa5995947cc6a03e9713b0,Diseño de Exposiciones General,Materia de nivel basico perteneciente a la facultad de Artes.,artes,basico,55 horas,virtual,69da7b979910d14434676566,4.7,0,,,,,,,,,,,,,,,,,,,,,,,,,,,,,,
5622867f928417151ec4a8f4,Principios de Diseño de Exposiciones I,Materia de nivel basico perteneciente a la facultad de Artes.,artes,basico,98 horas,presencial,69da7b979910d1443467655f,4.8,0,,,,,,,,,,,,,,,,,,,,,,,,,,,,,,
1ef2e829f1af258397286c4e,Crítica de Arte General,Materia de nivel basico perteneciente a la facultad de Artes.,artes,basico,112 horas,virtual,69da7b979910d14434676560,4.9,0,,,,,,,,,,,,,,,,,,,,,,,,,,,,,,
b874b092216e14ba715dcc1b,Introducción a Ilustración,Materia de nivel basico perteneciente a la facultad de Artes.,artes,basico,58 horas,virtual,69da7b979910d14434676563,4.2,0,,,,,,,,,,,,,,,,,,,,,,,,,,,,,,
0f208fa3731dff8c054cb69b,Escultura I,Materia de nivel basico perteneciente a la facultad de Artes.,artes,basico,68 horas,presencial,69da7b979910d14434676563,3.6,0,,,,,,,,,,,,,,,,,,,,,,,,,,,,,,
264194cc2badf9bc816c25c7,Aplicaciones de Cerámica,Materia de nivel intermedio perteneciente a la facultad de Artes.,artes,intermedio,115 horas,virtual,69da7b979910d14434676567,3.7,0,,,,,,,,,,,,,,,,,,,,,,,,,,,,,,
392d0b982221c4f435b8346f,Ilustración II,Materia de nivel intermedio perteneciente a la facultad de Artes.,artes,intermedio,81 horas,virtual,69da7b979910d1443467655f,4.1,0,,,,,,,,,,,,,,,,,,,,,,,,,,,,,,
34491c3a187cce3d2cfd3ed1,Restauración II,Materia de nivel intermedio perteneciente a la facultad de Artes.,artes,intermedio,67 horas,presencial,69da7b979910d14434676565,3.6,0,,,,,,,,,,,,,,,,,,,,,,,,,,,,,,
9db0d48b379f58eb68a895e3,Morfología II,Materia de nivel intermedio perteneciente a la facultad de Artes.,artes,intermedio,103 horas,presencial,69da7b979910d14434676561,4.1,0,,,,,,,,,,,,,,,,,,,,,,,,,,,,,,
fce5f1fb5efddb1813717a36,Análisis de Pintura,Materia de nivel intermedio perteneciente a la facultad de Artes.,artes,intermedio,85 horas,virtual,69da7b979910d14434676567,3.7,0,,,,,,,,,,,,,,,,,,,,,,,,,,,,,,
50b6e4e58b95632a0dae39c4,Composición Visual II,Materia de nivel intermedio perteneciente a la facultad de Artes.,artes,intermedio,64 horas,virtual,69da7b979910d14434676566,4.9,0,,,,,,,,,,,,,,,,,,,,,,,,,,,,,,
80a94b0d849ae96b195c3121,Laboratorio de Arte Contemporáneo II,Materia de nivel intermedio perteneciente a la facultad de Artes.,artes,intermedio,104 horas,virtual,69da7b979910d14434676561,4.7,0,,,,,,,,,,,,,,,,,,,,,,,,,,,,,,
de879c7e576bfd4a657f0b96,Laboratorio de Arte Contemporáneo Intermedia,Materia de nivel intermedio perteneciente a la facultad de Artes.,artes,intermedio,47 horas,virtual,69da7b979910d1443467655f,4,0,,,,,,,,,,,,,,,,,,,,,,,,,,,,,,
08970f93af9efef901348b38,Laboratorio de Restauración Comparada,Materia de nivel intermedio perteneciente a la facultad de Artes.,artes,intermedio,44 horas,virtual,69da7b979910d14434676562,4.8,0,,,,,,,,,,,,,,,,,,,,,,,,,,,,,,
5e15edf0fc734fea8636bbcd,Grabado II,Materia de nivel intermedio perteneciente a la facultad de Artes.,artes,intermedio,50 horas,virtual,69da7b979910d14434676566,4.3,0,,,,,,,,,,,,,,,,,,,,,,,,,,,,,,
78576647375d511648f1e41d,Laboratorio de Teoría del Color II,Materia de nivel intermedio perteneciente a la facultad de Artes.,artes,intermedio,68 horas,virtual,69da7b979910d14434676560,4.2,0,,,,,,,,,,,,,,,,,,,,,,,,,,,,,,
66bf279924030da5f5834a23,Cine y Video II,Materia de nivel intermedio perteneciente a la facultad de Artes.,artes,intermedio,52 horas,virtual,69da7b979910d14434676564,4.7,0,,,,,,,,,,,,,,,,,,,,,,,,,,,,,,
1f4e86556b7dc462472d4ac4,Análisis de Cerámica Comparada,Materia de nivel intermedio perteneciente a la facultad de Artes.,artes,intermedio,117 horas,hibrido,69da7b979910d14434676561,4.1,0,,,,,,,,,,,,,,,,,,,,,,,,,,,,,,
835a5ee5c81eccf26c46906e,Composición Visual Comparada,Materia de nivel intermedio perteneciente a la facultad de Artes.,artes,intermedio,51 horas,presencial,69da7b979910d14434676560,4.9,0,,,,,,,,,,,,,,,,,,,,,,,,,,,,,,
99132225ee291ee561890f10,Arte Contemporáneo II,Materia de nivel intermedio perteneciente a la facultad de Artes.,artes,intermedio,80 horas,hibrido,69da7b979910d1443467655e,4.7,0,,,,,,,,,,,,,,,,,,,,,,,,,,,,,,
0fe0fdc20fe78a8e065b4966,Composición Visual Avanzada,Materia de nivel avanzado perteneciente a la facultad de Artes.,artes,avanzado,80 horas,presencial,69da7b979910d14434676562,4.9,0,,,,,,,,,,,,,,,,,,,,,,,,,,,,,,
dc90497269079de65bda58f5,Arte Contemporáneo III,Materia de nivel avanzado perteneciente a la facultad de Artes.,artes,avanzado,86 horas,hibrido,69da7b979910d14434676563,4.6,0,,,,,,,,,,,,,,,,,,,,,,,,,,,,,,
26393c2ae80d62603c172557,Proyecto de Restauración,Materia de nivel avanzado perteneciente a la facultad de Artes.,artes,avanzado,119 horas,presencial,69da7b979910d14434676566,4.4,0,,,,,,,,,,,,,,,,,,,,,,,,,,,,,,
4dd624bed319d9c8d4531940,Temas Especiales en Dibujo,Materia de nivel avanzado perteneciente a la facultad de Artes.,artes,avanzado,108 horas,hibrido,69da7b979910d14434676560,3.6,0,,,,,,,,,,,,,,,,,,,,,,,,,,,,,,
8af19609d7946990cb2d58c6,Tópicos Selectos de Arte Digital III,Materia de nivel avanzado perteneciente a la facultad de Artes.,artes,avanzado,118 horas,hibrido,69da7b979910d14434676563,3.9,0,,,,,,,,,,,,,,,,,,,,,,,,,,,,,,
5d605c5da066147bfcfe003c,Seminario de Ilustración,Materia de nivel avanzado perteneciente a la facultad de Artes.,artes,avanzado,65 horas,hibrido,69da7b979910d14434676562,4.3,0,,,,,,,,,,,,,,,,,,,,,,,,,,,,,,
23ccfc6c68bcd84311daddd1,Investigación en Estética Visual,Materia de nivel avanzado perteneciente a la facultad de Artes.,artes,avanzado,51 horas,hibrido,69da7b979910d1443467655e,3.7,0,,,,,,,,,,,,,,,,,,,,,,,,,,,,,,
4fbf13ef75d7800b4dd57a2b,Tópicos Selectos de Morfología III,Materia de nivel avanzado perteneciente a la facultad de Artes.,artes,avanzado,103 horas,virtual,69da7b979910d14434676565,4.8,0,,,,,,,,,,,,,,,,,,,,,,,,,,,,,,
f895185afbcb477107107d97,Ilustración III,Materia de nivel avanzado perteneciente a la facultad de Artes.,artes,avanzado,68 horas,hibrido,69da7b979910d14434676565,4,0,,,,,,,,,,,,,,,,,,,,,,,,,,,,,,
7143e32d1e2ef60018ff3cf5,Arte Digital Experimental,Materia de nivel avanzado perteneciente a la facultad de Artes.,artes,avanzado,81 horas,presencial,69da7b979910d14434676563,4.9,0,,,,,,,,,,,,,,,,,,,,,,,,,,,,,,
296896ab8193a2b6df01ec04,Morfología Avanzada,Materia de nivel avanzado perteneciente a la facultad de Artes.,artes,avanzado,59 horas,virtual,69da7b979910d14434676565,5,0,,,,,,,,,,,,,,,,,,,,,,,,,,,,,,
424d127ab7dddd4fc5d39562,Dibujo III,Materia de nivel avanzado perteneciente a la facultad de Artes.,artes,avanzado,44 horas,presencial,69da7b979910d14434676566,4.4,0,,,,,,,,,,,,,,,,,,,,,,,,,,,,,,
8adf7b544e77f203e84d2a23,Restauración Avanzada,Materia de nivel avanzado perteneciente a la facultad de Artes.,artes,avanzado,78 horas,virtual,69da7b979910d14434676560,3.5,0,,,,,,,,,,,,,,,,,,,,,,,,,,,,,,
0992ddc46a5576c547e9d8e6,Temas Especiales en Composición Visual Avanzada,Materia de nivel avanzado perteneciente a la facultad de Artes.,artes,avanzado,99 horas,virtual,69da7b979910d14434676560,4.5,0,,,,,,,,,,,,,,,,,,,,,,,,,,,,,,
ead26853403256005565fdbf,Proyecto de Escultura,Materia de nivel avanzado perteneciente a la facultad de Artes.,artes,avanzado,89 horas,virtual,69da7b979910d14434676562,3.6,0,,,,,,,,,,,,,,,,,,,,,,,,,,,,,,
ac7065ef2f24f495d8b6e927,Bases de Restauración Arquitectónica I,Materia de nivel basico perteneciente a la facultad de Arquitectura.,arquitectura,basico,88 horas,presencial,69da7b979910d14434676564,3.5,0,,,,,,,,,,,,,,,,,,,,,,,,,,,,,,
4480f783451814921e9f33ac,Bases de Diseño Arquitectónico,Materia de nivel basico perteneciente a la facultad de Arquitectura.,arquitectura,basico,42 horas,hibrido,69da7b979910d14434676562,4.7,0,,,,,,,,,,,,,,,,,,,,,,,,,,,,,,
03e7fbe1614f0908c9d767b7,Dibujo Arquitectónico I,Materia de nivel basico perteneciente a la facultad de Arquitectura.,arquitectura,basico,94 horas,virtual,69da7b979910d1443467655f,4.6,0,,,,,,,,,,,,,,,,,,,,,,,,,,,,,,
2771d806d5f260c6484e1a78,Gestión de Obras I,Materia de nivel basico perteneciente a la facultad de Arquitectura.,arquitectura,basico,105 horas,hibrido,69da7b979910d1443467655e,4.6,0,,,,,,,,,,,,,,,,,,,,,,,,,,,,,,
b349db16cd5eef89649b3417,Principios de Instalaciones General,Materia de nivel basico perteneciente a la facultad de Arquitectura.,arquitectura,basico,82 horas,presencial,69da7b979910d14434676562,3.6,0,,,,,,,,,,,,,,,,,,,,,,,,,,,,,,
190b62f8b1d3355a8bb3ed3b,Paisajismo I,Materia de nivel basico perteneciente a la facultad de Arquitectura.,arquitectura,basico,91 horas,presencial,69da7b979910d14434676563,4.8,0,,,,,,,,,,,,,,,,,,,,,,,,,,,,,,
1d392550781841d30e757937,Geometría Descriptiva I,Materia de nivel basico perteneciente a la facultad de Arquitectura.,arquitectura,basico,68 horas,virtual,69da7b979910d14434676562,4.9,0,,,,,,,,,,,,,,,,,,,,,,,,,,,,,,
66c8abca439bd1073d5fdd15,Fundamentos de Paisajismo,Materia de nivel basico perteneciente a la facultad de Arquitectura.,arquitectura,basico,73 horas,hibrido,69da7b979910d14434676567,4.6,0,,,,,,,,,,,,,,,,,,,,,,,,,,,,,,
6bd67abbe55219bdb365029c,Geometría Descriptiva Elemental,Materia de nivel basico perteneciente a la facultad de Arquitectura.,arquitectura,basico,92 horas,hibrido,69da7b979910d14434676567,4.5,0,,,,,,,,,,,,,,,,,,,,,,,,,,,,,,
060d9eabab8c3cbd2c44b5b6,Diseño Arquitectónico Elemental,Materia de nivel basico perteneciente a la facultad de Arquitectura.,arquitectura,basico,74 horas,hibrido,69da7b979910d14434676565,4.4,0,,,,,,,,,,,,,,,,,,,,,,,,,,,,,,
ae445aaa0b830898fc8353f9,Teoría de Teoría de la Arquitectura I,Materia de nivel basico perteneciente a la facultad de Arquitectura.,arquitectura,basico,66 horas,presencial,69da7b979910d1443467655f,4.5,0,,,,,,,,,,,,,,,,,,,,,,,,,,,,,,
42b3f6d67c62ada63f6f6fec,Principios de Gestión de Obras General,Materia de nivel basico perteneciente a la facultad de Arquitectura.,arquitectura,basico,51 horas,hibrido,69da7b979910d1443467655f,4.1,0,,,,,,,,,,,,,,,,,,,,,,,,,,,,,,
2d7f2f3e3fc2def62b69f5f3,Bases de Sostenibilidad,Materia de nivel basico perteneciente a la facultad de Arquitectura.,arquitectura,basico,44 horas,presencial,69da7b979910d1443467655f,4.1,0,,,,,,,,,,,,,,,,,,,,,,,,,,,,,,
aaea599e90974e9f983efb22,Planificación Urbana I,Materia de nivel basico perteneciente a la facultad de Arquitectura.,arquitectura,basico,99 horas,virtual,69da7b979910d14434676565,3.8,0,,,,,,,,,,,,,,,,,,,,,,,,,,,,,,
fc661ce144868e048cfdd13a,Sostenibilidad I,Materia de nivel basico perteneciente a la facultad de Arquitectura.,arquitectura,basico,103 horas,presencial,69da7b979910d1443467655e,4.3,0,,,,,,,,,,,,,,,,,,,,,,,,,,,,,,
e9c8522f77130d64fde6d4f0,Planificación Urbana Básica,Materia de nivel basico perteneciente a la facultad de Arquitectura.,arquitectura,basico,80 horas,presencial,69da7b979910d14434676566,4.4,0,,,,,,,,,,,,,,,,,,,,,,,,,,,,,,
75fc47ce75a9e4ca48fc5aa4,Bases de Dibujo Arquitectónico Básica,Materia de nivel basico perteneciente a la facultad de Arquitectura.,arquitectura,basico,45 horas,presencial,69da7b979910d1443467655f,4.3,0,,,,,,,,,,,,,,,,,,,,,,,,,,,,,,
4bb373d5abafc0da68d004cc,Fundamentos de Materiales de Construcción Básica,Materia de nivel basico perteneciente a la facultad de Arquitectura.,arquitectura,basico,59 horas,virtual,69da7b979910d14434676562,4,0,,,,,,,,,,,,,,,,,,,,,,,,,,,,,,
d725e4d0b956183de589eacc,Teoría de Teoría de la Arquitectura Básica,Materia de nivel basico perteneciente a la facultad de Arquitectura.,arquitectura,basico,58 horas,presencial,69da7b979910d1443467655e,4.9,0,,,,,,,,,,,,,,,,,,,,,,,,,,,,,,
7f6cd6c847779febe2a95b3b,Historia de la Arquitectura I,Materia de nivel basico perteneciente a la facultad de Arquitectura.,arquitectura,basico,52 horas,presencial,69da7b979910d14434676560,4.8,0,,,,,,,,,,,,,,,,,,,,,,,,,,,,,,
451b4e4da923ca1d5c0856d6,Estructuras II,Materia de nivel intermedio perteneciente a la facultad de Arquitectura.,arquitectura,intermedio,83 horas,presencial,69da7b979910d14434676566,4.9,0,,,,,,,,,,,,,,,,,,,,,,,,,,,,,,
16ad44ef50fa9aaa689296f7,Diseño Arquitectónico II,Materia de nivel intermedio perteneciente a la facultad de Arquitectura.,arquitectura,intermedio,67 horas,presencial,69da7b979910d14434676564,3.8,0,,,,,,,,,,,,,,,,,,,,,,,,,,,,,,
80d6914714ba188ee84fb7e1,Aplicaciones de Instalaciones Intermedia,Materia de nivel intermedio perteneciente a la facultad de Arquitectura.,arquitectura,intermedio,53 horas,presencial,69da7b979910d14434676566,4.1,0,,,,,,,,,,,,,,,,,,,,,,,,,,,,,,
e6141aea2aa86a94b231d081,Restauración Arquitectónica II,Materia de nivel intermedio perteneciente a la facultad de Arquitectura.,arquitectura,intermedio,97 horas,presencial,69da7b979910d14434676564,4.7,0,,,,,,,,,,,,,,,,,,,,,,,,,,,,,,
7ff5627c8e5895520b81e013,Análisis de Paisajismo Comparada,Materia de nivel intermedio perteneciente a la facultad de Arquitectura.,arquitectura,intermedio,64 horas,hibrido,69da7b979910d14434676560,3.9,0,,,,,,,,,,,,,,,,,,,,,,,,,,,,,,
291822bf128af75a4f646a3b,Sostenibilidad Comparada,Materia de nivel intermedio perteneciente a la facultad de Arquitectura.,arquitectura,intermedio,99 horas,presencial,69da7b979910d14434676564,4.5,0,,,,,,,,,,,,,,,,,,,,,,,,,,,,,,
b8fc3fad468c598161ae5929,Instalaciones Aplicada,Materia de nivel intermedio perteneciente a la facultad de Arquitectura.,arquitectura,intermedio,87 horas,presencial,69da7b979910d14434676561,4,0,,,,,,,,,,,,,,,,,,,,,,,,,,,,,,
c824d3881a6e052e4aee2279,Urbanismo II,Materia de nivel intermedio perteneciente a la facultad de Arquitectura.,arquitectura,intermedio,76 horas,hibrido,69da7b979910d14434676565,3.8,0,,,,,,,,,,,,,,,,,,,,,,,,,,,,,,
96de4a1594594dd4aecb44c2,Prácticas de Diseño Arquitectónico Intermedia,Materia de nivel intermedio perteneciente a la facultad de Arquitectura.,arquitectura,intermedio,80 horas,virtual,69da7b979910d14434676565,3.7,0,,,,,,,,,,,,,,,,,,,,,,,,,,,,,,
d3ba9080b998d5f81e46d7af,Materiales de Construcción II,Materia de nivel intermedio perteneciente a la facultad de Arquitectura.,arquitectura,intermedio,88 horas,virtual,69da7b979910d14434676564,4.5,0,,,,,,,,,,,,,,,,,,,,,,,,,,,,,,
6d30546609bee500fe479117,Paisajismo II,Materia de nivel intermedio perteneciente a la facultad de Arquitectura.,arquitectura,intermedio,62 horas,virtual,69da7b979910d14434676566,4,0,,,,,,,,,,,,,,,,,,,,,,,,,,,,,,
6590ffb91933322476236461,Prácticas de Topografía,Materia de nivel intermedio perteneciente a la facultad de Arquitectura.,arquitectura,intermedio,48 horas,hibrido,69da7b979910d14434676560,5,0,,,,,,,,,,,,,,,,,,,,,,,,,,,,,,
e7df8db87883b10d31e12938,Laboratorio de Dibujo Arquitectónico Comparada,Materia de nivel intermedio perteneciente a la facultad de Arquitectura.,arquitectura,intermedio,85 horas,presencial,69da7b979910d14434676561,3.6,0,,,,,,,,,,,,,,,,,,,,,,,,,,,,,,
cee98fff0423cf5b0402302c,Laboratorio de Teoría de la Arquitectura,Materia de nivel intermedio perteneciente a la facultad de Arquitectura.,arquitectura,intermedio,115 horas,virtual,69da7b979910d14434676566,4.7,0,,,,,,,,,,,,,,,,,,,,,,,,,,,,,,
a7ca04aa9064ead709b17f2b,Estudio de Historia de la Arquitectura Comparada,Materia de nivel intermedio perteneciente a la facultad de Arquitectura.,arquitectura,intermedio,114 horas,hibrido,69da7b979910d14434676567,4.1,0,,,,,,,,,,,,,,,,,,,,,,,,,,,,,,
48a7afbddc43eaffb741563b,Geometría Descriptiva III,Materia de nivel avanzado perteneciente a la facultad de Arquitectura.,arquitectura,avanzado,66 horas,virtual,69da7b979910d14434676567,4.8,0,,,,,,,,,,,,,,,,,,,,,,,,,,,,,,
54aabd5b7d96063defa1721a,Tópicos Selectos de Urbanismo,Materia de nivel avanzado perteneciente a la facultad de Arquitectura.,arquitectura,avanzado,47 horas,presencial,69da7b979910d14434676564,3.6,0,,,,,,,,,,,,,,,,,,,,,,,,,,,,,,
5f53c9e850a9fd3556968924,Seminario de Dibujo Arquitectónico,Materia de nivel avanzado perteneciente a la facultad de Arquitectura.,arquitectura,avanzado,98 horas,virtual,69da7b979910d14434676560,3.8,0,,,,,,,,,,,,,,,,,,,,,,,,,,,,,,
76c529e5c21245e8960c81ff,Temas Especiales en Sostenibilidad Experimental,Materia de nivel avanzado perteneciente a la facultad de Arquitectura.,arquitectura,avanzado,51 horas,presencial,69da7b979910d14434676566,4.3,0,,,,,,,,,,,,,,,,,,,,,,,,,,,,,,
122ba183fec9d426bc66e0a3,Instalaciones III,Materia de nivel avanzado perteneciente a la facultad de Arquitectura.,arquitectura,avanzado,116 horas,hibrido,69da7b979910d14434676564,4,0,,,,,,,,,,,,,,,,,,,,,,,,,,,,,,
be0c6400606f1c28e92f837e,Materiales de Construcción Clínica,Materia de nivel avanzado perteneciente a la facultad de Arquitectura.,arquitectura,avanzado,107 horas,presencial,69da7b979910d14434676567,3.6,0,,,,,,,,,,,,,,,,,,,,,,,,,,,,,,
f8d49b35034a3cce75835246,Proyecto de Gestión de Obras Experimental,Materia de nivel avanzado perteneciente a la facultad de Arquitectura.,arquitectura,avanzado,117 horas,hibrido,69da7b979910d14434676562,3.5,0,,,,,,,,,,,,,,,,,,,,,,,,,,,,,,
1da8193948e4e47605fda3bf,Temas Especiales en Paisajismo,Materia de nivel avanzado perteneciente a la facultad de Arquitectura.,arquitectura,avanzado,66 horas,hibrido,69da7b979910d14434676562,3.6,0,,,,,,,,,,,,,,,,,,,,,,,,,,,,,,
13148b40aa1203b2d80ea2a1,Urbanismo Clínica,Materia de nivel avanzado perteneciente a la facultad de Arquitectura.,arquitectura,avanzado,107 horas,presencial,69da7b979910d14434676567,4.5,0,,,,,,,,,,,,,,,,,,,,,,,,,,,,,,
60d5543a8799eb6a745bd286,Temas Especiales en Restauración Arquitectónica Clínica,Materia de nivel avanzado perteneciente a la facultad de Arquitectura.,arquitectura,avanzado,54 horas,virtual,69da7b979910d1443467655f,4.8,0,,,,,,,,,,,,,,,,,,,,,,,,,,,,,,
c54ae587c42f9d99a41faa72,Seminario de Gestión de Obras,Materia de nivel avanzado perteneciente a la facultad de Arquitectura.,arquitectura,avanzado,63 horas,hibrido,69da7b979910d1443467655f,3.8,0,,,,,,,,,,,,,,,,,,,,,,,,,,,,,,
44439ec49211bbff0121e646,Investigación en Estructuras,Materia de nivel avanzado perteneciente a la facultad de Arquitectura.,arquitectura,avanzado,65 horas,presencial,69da7b979910d14434676566,3.9,0,,,,,,,,,,,,,,,,,,,,,,,,,,,,,,
fb49ba430fb163fc41ec7be0,Planificación Urbana III,Materia de nivel avanzado perteneciente a la facultad de Arquitectura.,arquitectura,avanzado,66 horas,virtual,69da7b979910d14434676562,4.2,0,,,,,,,,,,,,,,,,,,,,,,,,,,,,,,
c024a193d4fc7f43d363abc9,Seminario de Restauración Arquitectónica,Materia de nivel avanzado perteneciente a la facultad de Arquitectura.,arquitectura,avanzado,93 horas,presencial,69da7b979910d14434676567,4.7,0,,,,,,,,,,,,,,,,,,,,,,,,,,,,,,
55e4dcec1ab4089d323b71dd,Seminario de Geometría Descriptiva III,Materia de nivel avanzado perteneciente a la facultad de Arquitectura.,arquitectura,avanzado,109 horas,hibrido,69da7b979910d14434676564,3.8,0,,,,,,,,,,,,,,,,,,,,,,,,,,,,,,
1af489ae4af0501afca92349,Química Orgánica General,Materia de nivel basico perteneciente a la facultad de Ciencias Exactas.,ciencias-exactas,basico,52 horas,presencial,69da7b979910d14434676561,4.5,0,,,,,,,,,,,,,,,,,,,,,,,,,,,,,,
c386d850924f198de0edbd77,Ecología I,Materia de nivel basico perteneciente a la facultad de Ciencias Exactas.,ciencias-exactas,basico,53 horas,presencial,69da7b979910d14434676564,4.3,0,,,,,,,,,,,,,,,,,,,,,,,,,,,,,,
879bd3e2b9f87d3fe725724c,Álgebra Lineal Elemental,Materia de nivel basico perteneciente a la facultad de Ciencias Exactas.,ciencias-exactas,basico,41 horas,virtual,69da7b979910d14434676563,3.9,0,,,,,,,,,,,,,,,,,,,,,,,,,,,,,,
706e07de7f1dfee0b7dfe74e,Introducción a Genética,Materia de nivel basico perteneciente a la facultad de Ciencias Exactas.,ciencias-exactas,basico,113 horas,virtual,69da7b979910d14434676566,3.7,0,,,,,,,,,,,,,,,,,,,,,,,,,,,,,,
432150435660fd2fbd08ae4b,Introducción a Óptica Básica,Materia de nivel basico perteneciente a la facultad de Ciencias Exactas.,ciencias-exactas,basico,52 horas,virtual,69da7b979910d14434676561,3.7,0,,,,,,,,,,,,,,,,,,,,,,,,,,,,,,
030529a78ce74d189c40d33d,Bases de Ecología,Materia de nivel basico perteneciente a la facultad de Ciencias Exactas.,ciencias-exactas,basico,50 horas,hibrido,69da7b979910d14434676560,4,0,,,,,,,,,,,,,,,,,,,,,,,,,,,,,,
e4bbb57335ca34b7ddfe594d,Biología Molecular I,Materia de nivel basico perteneciente a la facultad de Ciencias Exactas.,ciencias-exactas,basico,63 horas,hibrido,69da7b979910d14434676566,4.2,0,,,,,,,,,,,,,,,,,,,,,,,,,,,,,,
738b61a09fc18e933de4087f,Fundamentos de Estadística General,Materia de nivel basico perteneciente a la facultad de Ciencias Exactas.,ciencias-exactas,basico,67 horas,hibrido,69da7b979910d14434676560,3.7,0,,,,,,,,,,,,,,,,,,,,,,,,,,,,,,
aab5d8db289b042f8bfbfd1b,Principios de Química General Elemental,Materia de nivel basico perteneciente a la facultad de Ciencias Exactas.,ciencias-exactas,basico,47 horas,virtual,69da7b979910d14434676567,4.7,0,,,,,,,,,,,,,,,,,,,,,,,,,,,,,,
db123f7fcbbd8054e0501564,Teoría de Estadística Básica,Materia de nivel basico perteneciente a la facultad de Ciencias Exactas.,ciencias-exactas,basico,75 horas,virtual,69da7b979910d14434676563,3.7,0,,,,,,,,,,,,,,,,,,,,,,,,,,,,,,
a3ae1a7b4d8f81442b2f967d,Genética I,Materia de nivel basico perteneciente a la facultad de Ciencias Exactas.,ciencias-exactas,basico,111 horas,hibrido,69da7b979910d14434676562,4.1,0,,,,,,,,,,,,,,,,,,,,,,,,,,,,,,
4b42debe093ff4534346ab06,Teoría de Ecología,Materia de nivel basico perteneciente a la facultad de Ciencias Exactas.,ciencias-exactas,basico,63 horas,hibrido,69da7b979910d14434676566,4.5,0,,,,,,,,,,,,,,,,,,,,,,,,,,,,,,
42f36b7c9816d1f3e6c68d74,Introducción a Probabilidad General,Materia de nivel basico perteneciente a la facultad de Ciencias Exactas.,ciencias-exactas,basico,58 horas,hibrido,69da7b979910d14434676566,4.6,0,,,,,,,,,,,,,,,,,,,,,,,,,,,,,,
995e1b42cd2015c787f725cf,Óptica I,Materia de nivel basico perteneciente a la facultad de Ciencias Exactas.,ciencias-exactas,basico,103 horas,hibrido,69da7b979910d14434676565,3.6,0,,,,,,,,,,,,,,,,,,,,,,,,,,,,,,
9b7b7a0171aac9ecbf300dc8,Fundamentos de Álgebra Lineal Elemental,Materia de nivel basico perteneciente a la facultad de Ciencias Exactas.,ciencias-exactas,basico,119 horas,hibrido,69da7b979910d14434676562,3.7,0,,,,,,,,,,,,,,,,,,,,,,,,,,,,,,
81e03b7e6ed29a8953da7a8a,Astrofísica Elemental,Materia de nivel basico perteneciente a la facultad de Ciencias Exactas.,ciencias-exactas,basico,114 horas,presencial,69da7b979910d14434676563,4.5,0,,,,,,,,,,,,,,,,,,,,,,,,,,,,,,
af1f97a2e95fd4e2b79e04d4,Teoría de Ecología Básica,Materia de nivel basico perteneciente a la facultad de Ciencias Exactas.,ciencias-exactas,basico,99 horas,hibrido,69da7b979910d14434676565,4.3,0,,,,,,,,,,,,,,,,,,,,,,,,,,,,,,
8716ee22fa7989252e15cb99,Física Clásica I,Materia de nivel basico perteneciente a la facultad de Ciencias Exactas.,ciencias-exactas,basico,58 horas,presencial,69da7b979910d14434676561,5,0,,,,,,,,,,,,,,,,,,,,,,,,,,,,,,
686a5abede683a93f5b8424a,Principios de Física Clásica Básica,Materia de nivel basico perteneciente a la facultad de Ciencias Exactas.,ciencias-exactas,basico,49 horas,hibrido,69da7b979910d14434676561,4,0,,,,,,,,,,,,,,,,,,,,,,,,,,,,,,
19bfa2dd63c2e14c705a8170,Ecología Básica,Materia de nivel basico perteneciente a la facultad de Ciencias Exactas.,ciencias-exactas,basico,117 horas,hibrido,69da7b979910d14434676565,4,0,,,,,,,,,,,,,,,,,,,,,,,,,,,,,,
ca5443b16b51d8b56699825e,Análisis Matemático Comparada,Materia de nivel intermedio perteneciente a la facultad de Ciencias Exactas.,ciencias-exactas,intermedio,88 horas,presencial,69da7b979910d14434676561,4.7,0,,,,,,,,,,,,,,,,,,,,,,,,,,,,,,
ee30fc0428315602c0d2b776,Aplicaciones de Probabilidad,Materia de nivel intermedio perteneciente a la facultad de Ciencias Exactas.,ciencias-exactas,intermedio,116 horas,hibrido,69da7b979910d14434676567,4.2,0,,,,,,,,,,,,,,,,,,,,,,,,,,,,,,
ec51a7638a64d32578217059,Ecología II,Materia de nivel intermedio perteneciente a la facultad de Ciencias Exactas.,ciencias-exactas,intermedio,52 horas,presencial,69da7b979910d14434676560,4.8,0,,,,,,,,,,,,,,,,,,,,,,,,,,,,,,
a243871170f5d82053f1b85c,Química Orgánica Intermedia,Materia de nivel intermedio perteneciente a la facultad de Ciencias Exactas.,ciencias-exactas,intermedio,89 horas,hibrido,69da7b979910d14434676561,3.9,0,,,,,,,,,,,,,,,,,,,,,,,,,,,,,,
72588080ebabc6ceafbc38ee,Laboratorio de Genética,Materia de nivel intermedio perteneciente a la facultad de Ciencias Exactas.,ciencias-exactas,intermedio,50 horas,presencial,69da7b979910d14434676560,4.1,0,,,,,,,,,,,,,,,,,,,,,,,,,,,,,,
93b120463b8740700bfdbe09,Astrofísica II,Materia de nivel intermedio perteneciente a la facultad de Ciencias Exactas.,ciencias-exactas,intermedio,81 horas,presencial,69da7b979910d14434676563,4.9,0,,,,,,,,,,,,,,,,,,,,,,,,,,,,,,
d726bbbc9ff473d9d8ee4b95,Física Cuántica II,Materia de nivel intermedio perteneciente a la facultad de Ciencias Exactas.,ciencias-exactas,intermedio,73 horas,presencial,69da7b979910d14434676560,3.7,0,,,,,,,,,,,,,,,,,,,,,,,,,,,,,,
32e8a8d8b869d3fd105b2b18,Álgebra Lineal Aplicada,Materia de nivel intermedio perteneciente a la facultad de Ciencias Exactas.,ciencias-exactas,intermedio,56 horas,presencial,69da7b979910d14434676563,3.9,0,,,,,,,,,,,,,,,,,,,,,,,,,,,,,,
62445746de1d77f0279639ae,Aplicaciones de Probabilidad II,Materia de nivel intermedio perteneciente a la facultad de Ciencias Exactas.,ciencias-exactas,intermedio,95 horas,virtual,69da7b979910d1443467655f,3.6,0,,,,,,,,,,,,,,,,,,,,,,,,,,,,,,
e9646e03a4675c7a95d4e89b,Estudio de Probabilidad Aplicada,Materia de nivel intermedio perteneciente a la facultad de Ciencias Exactas.,ciencias-exactas,intermedio,50 horas,virtual,69da7b979910d14434676562,4.4,0,,,,,,,,,,,,,,,,,,,,,,,,,,,,,,
e89059f0275d0e550ff77902,Prácticas de Biología Molecular II,Materia de nivel intermedio perteneciente a la facultad de Ciencias Exactas.,ciencias-exactas,intermedio,51 horas,presencial,69da7b979910d1443467655f,4.5,0,,,,,,,,,,,,,,,,,,,,,,,,,,,,,,
4173ab25c5bc0769231cf34f,Estudio de Ecología Intermedia,Materia de nivel intermedio perteneciente a la facultad de Ciencias Exactas.,ciencias-exactas,intermedio,51 horas,presencial,69da7b979910d14434676566,4.6,0,,,,,,,,,,,,,,,,,,,,,,,,,,,,,,
d064249719108b99c3e3fcb6,Análisis de Estadística II,Materia de nivel intermedio perteneciente a la facultad de Ciencias Exactas.,ciencias-exactas,intermedio,107 horas,presencial,69da7b979910d1443467655e,4.9,0,,,,,,,,,,,,,,,,,,,,,,,,,,,,,,
dbed34bb54f10e83a0e5d00d,Análisis de Estadística Comparada,Materia de nivel intermedio perteneciente a la facultad de Ciencias Exactas.,ciencias-exactas,intermedio,116 horas,hibrido,69da7b979910d14434676566,3.8,0,,,,,,,,,,,,,,,,,,,,,,,,,,,,,,
24c01e9ab48671edee0a2828,Química Orgánica II,Materia de nivel intermedio perteneciente a la facultad de Ciencias Exactas.,ciencias-exactas,intermedio,94 horas,hibrido,69da7b979910d14434676564,3.6,0,,,,,,,,,,,,,,,,,,,,,,,,,,,,,,
0b64d715256d665831bc4289,Temas Especiales en Genética,Materia de nivel avanzado perteneciente a la facultad de Ciencias Exactas.,ciencias-exactas,avanzado,89 horas,virtual,69da7b979910d14434676563,4.8,0,,,,,,,,,,,,,,,,,,,,,,,,,,,,,,
d44e37a3da5bd89161422821,Química Orgánica III,Materia de nivel avanzado perteneciente a la facultad de Ciencias Exactas.,ciencias-exactas,avanzado,71 horas,hibrido,69da7b979910d14434676567,4.1,0,,,,,,,,,,,,,,,,,,,,,,,,,,,,,,
5c702be035d1633733016539,Biología Molecular Avanzada,Materia de nivel avanzado perteneciente a la facultad de Ciencias Exactas.,ciencias-exactas,avanzado,41 horas,presencial,69da7b979910d1443467655e,3.6,0,,,,,,,,,,,,,,,,,,,,,,,,,,,,,,
2e07f47ef0b376685c8864c1,Álgebra Lineal III,Materia de nivel avanzado perteneciente a la facultad de Ciencias Exactas.,ciencias-exactas,avanzado,69 horas,hibrido,69da7b979910d14434676563,4.7,0,,,,,,,,,,,,,,,,,,,,,,,,,,,,,,
a5b9905a4489fce779a099a9,Tópicos Selectos de Química General,Materia de nivel avanzado perteneciente a la facultad de Ciencias Exactas.,ciencias-exactas,avanzado,52 horas,presencial,69da7b979910d1443467655e,4.8,0,,,,,,,,,,,,,,,,,,,,,,,,,,,,,,
4e91e5dd04035d24994b7732,Química Inorgánica Avanzada,Materia de nivel avanzado perteneciente a la facultad de Ciencias Exactas.,ciencias-exactas,avanzado,87 horas,hibrido,69da7b979910d14434676565,4.9,0,,,,,,,,,,,,,,,,,,,,,,,,,,,,,,
b6a72cc86d92aa2c5e368615,Temas Especiales en Botánica,Materia de nivel avanzado perteneciente a la facultad de Ciencias Exactas.,ciencias-exactas,avanzado,114 horas,virtual,69da7b979910d1443467655e,4,0,,,,,,,,,,,,,,,,,,,,,,,,,,,,,,
bf1eaa1f6886b7efeb606003,Topología III,Materia de nivel avanzado perteneciente a la facultad de Ciencias Exactas.,ciencias-exactas,avanzado,83 horas,virtual,69da7b979910d14434676562,4.7,0,,,,,,,,,,,,,,,,,,,,,,,,,,,,,,
241e07e33eea59e3921c464a,Proyecto de Química General,Materia de nivel avanzado perteneciente a la facultad de Ciencias Exactas.,ciencias-exactas,avanzado,55 horas,presencial,69da7b979910d14434676565,4,0,,,,,,,,,,,,,,,,,,,,,,,,,,,,,,
42d71153cacdc6f8a2b1adfb,Investigación en Biología Molecular,Materia de nivel avanzado perteneciente a la facultad de Ciencias Exactas.,ciencias-exactas,avanzado,87 horas,virtual,69da7b979910d14434676564,3.7,0,,,,,,,,,,,,,,,,,,,,,,,,,,,,,,
8e5cddbe6f4c9df05fe8a15d,Astrofísica Avanzada,Materia de nivel avanzado perteneciente a la facultad de Ciencias Exactas.,ciencias-exactas,avanzado,101 horas,hibrido,69da7b979910d14434676561,4,0,,,,,,,,,,,,,,,,,,,,,,,,,,,,,,
5c27ff15dc25940a73d260eb,Ecología III,Materia de nivel avanzado perteneciente a la facultad de Ciencias Exactas.,ciencias-exactas,avanzado,120 horas,hibrido,69da7b979910d14434676563,4.9,0,,,,,,,,,,,,,,,,,,,,,,,,,,,,,,
763b2cea364771bf847a6dd3,Investigación en Botánica Clínica,Materia de nivel avanzado perteneciente a la facultad de Ciencias Exactas.,ciencias-exactas,avanzado,56 horas,presencial,69da7b979910d14434676566,3.8,0,,,,,,,,,,,,,,,,,,,,,,,,,,,,,,
e6c38f8fffcafa25daa8db37,Investigación en Química Orgánica Avanzada,Materia de nivel avanzado perteneciente a la facultad de Ciencias Exactas.,ciencias-exactas,avanzado,94 horas,virtual,69da7b979910d14434676565,4.9,0,,,,,,,,,,,,,,,,,,,,,,,,,,,,,,
b40764e2acef69b8f0124e08,Geometría Diferencial III,Materia de nivel avanzado perteneciente a la facultad de Ciencias Exactas.,ciencias-exactas,avanzado,111 horas,hibrido,69da7b979910d14434676563,4,0,,,,,,,,,,,,,,,,,,,,,,,,,,,,,,
